id,signal_key,entry_time,exit_time,direction,entry_price,exit_price,stop_loss,size,pnl_r,pnl_pct,exit_reason,confirmations,ai_score
1,75-long,2026-05-01T01:15:00,2026-05-01T01:24:00,long,76617.07,76579.95139921078,76579.95139921078,0.269407,-1.0,-1.0,stop_loss,"['trend_ema', 'structure', 'order_block', 'fvg', 'liquidity_sweep', 'momentum_candle', 'rsi', 'macd', 'adx', 'vwap', 'volume_spike', 'rvol', 'equal_high_low', 'breaker_block', 'mitigation_block']",71.76
2,101-long,2026-05-01T01:41:00,2026-05-01T01:43:00,long,76602.81,76610.6667974928,76610.6667974928,0.552883,0.6606334724397124,0.6606334724397124,stop_loss,"['trend_ema', 'structure', 'order_block', 'fvg', 'premium_discount', 'momentum_candle', 'rsi', 'macd', 'adx', 'vwap', 'mtf_confirmation', 'mitigation_block']",69.12
3,187-long,2026-05-01T03:07:00,2026-05-01T03:15:00,long,76637.74,76738.54,76717.93750631176,0.384316,1.9,1.9,tp3_full_close,"['trend_ema', 'structure', 'order_block', 'fvg', 'momentum_candle', 'rsi', 'macd', 'vwap', 'rvol', 'mtf_confirmation', 'breaker_block', 'mitigation_block']",72.06
4,255-long,2026-05-01T04:15:00,2026-05-01T04:20:00,long,77143.61,77173.72338298404,77173.72338298404,0.239349,0.8324565212682191,0.8324565212682191,stop_loss,"['trend_ema', 'structure', 'order_block', 'fvg', 'macd', 'vwap', 'mtf_confirmation', 'inducement', 'breaker_block', 'mitigation_block']",70.59
5,306-long,2026-05-01T05:06:00,2026-05-01T05:17:00,long,77149.99,77110.93126767442,77110.93126767442,0.256025,-1.0,-1.0,stop_loss,"['trend_ema', 'structure', 'order_block', 'fvg', 'premium_discount', 'rsi', 'macd', 'adx', 'vwap', 'mtf_confirmation', 'breaker_block', 'mitigation_block']",69.71
6,342-long,2026-05-01T05:42:00,2026-05-01T05:51:00,long,77115.07,77144.68007332245,77144.68007332245,0.410993,1.365085862480417,1.365085862480417,stop_loss,"['trend_ema', 'structure', 'order_block', 'fvg', 'premium_discount', 'rsi', 'macd', 'vwap', 'volume_spike', 'rvol', 'mtf_confirmation', 'breaker_block', 'mitigation_block', 'fake_breakout']",68.24
7,357-long,2026-05-01T05:57:00,2026-05-01T06:05:00,long,77164.46,77141.00343574629,77141.00343574629,0.42632,-1.0,-1.0,stop_loss,"['trend_ema', 'structure', 'order_block', 'fvg', 'premium_discount', 'rsi', 'macd', 'adx', 'vwap', 'mtf_confirmation', 'breaker_block', 'mitigation_block']",69.71
8,417-long,2026-05-01T06:57:00,2026-05-01T06:59:00,long,77100.49,77046.20268295864,77046.20268295864,0.184205,-1.0,-1.0,stop_loss,"['trend_ema', 'structure', 'order_block', 'fvg', 'premium_discount', 'liquidity_sweep', 'smart_money_entry', 'rsi', 'macd', 'adx', 'vwap', 'mtf_confirmation', 'equal_high_low', 'breaker_block', 'mitigation_block']",69.71
9,440-long,2026-05-01T07:20:00,2026-05-01T07:22:00,long,77094.0,77046.19513652592,77046.19513652592,0.209184,-1.0,-1.0,stop_loss,"['trend_ema', 'structure', 'order_block', 'fvg', 'premium_discount', 'momentum_candle', 'rsi', 'macd', 'vwap', 'mtf_confirmation', 'session_quality', 'breaker_block', 'mitigation_block']",69.71
10,1440-long,2026-05-02T00:00:00,2026-05-02T00:05:00,long,78240.21,78261.235443549,78261.235443549,0.396124,1.2498605395547369,1.2498605395547369,stop_loss,"['trend_ema', 'structure', 'order_block', 'fvg', 'rsi', 'macd', 'adx', 'vwap', 'rvol', 'mtf_confirmation', 'breaker_block', 'mitigation_block', 'fake_breakout']",72.65
11,1466-long,2026-05-02T00:26:00,2026-05-02T00:27:00,long,78348.88,78317.43414526334,78317.43414526334,0.318007,-1.0,-1.0,stop_loss,"['trend_ema', 'structure', 'order_block', 'fvg', 'premium_discount', 'momentum_candle', 'rsi', 'macd', 'adx', 'vwap', 'mtf_confirmation', 'breaker_block', 'mitigation_block']",70.29
12,1482-long,2026-05-02T00:42:00,2026-05-02T00:47:00,long,78310.78,78329.87016374001,78329.87016374001,0.34711,0.7975830676332276,0.7975830676332276,stop_loss,"['trend_ema', 'structure', 'order_block', 'fvg', 'premium_discount', 'momentum_candle', 'rsi', 'macd', 'adx', 'vwap', 'rvol', 'mtf_confirmation', 'breaker_block', 'mitigation_block']",69.12
13,1528-long,2026-05-02T01:28:00,2026-05-02T01:33:00,long,78349.71,78422.71,78401.73403924846,0.463697,1.9,1.9,tp3_full_close,"['trend_ema', 'structure', 'order_block', 'fvg', 'premium_discount', 'momentum_candle', 'rsi', 'macd', 'vwap', 'mtf_confirmation', 'breaker_block', 'mitigation_block']",70.0
14,1599-long,2026-05-02T02:39:00,2026-05-02T02:44:00,long,78365.4,78374.53726119103,78374.53726119103,0.566215,0.7104190703978237,0.7104190703978237,stop_loss,"['trend_ema', 'structure', 'order_block', 'fvg', 'rsi', 'macd', 'vwap', 'mtf_confirmation', 'breaker_block', 'mitigation_block']",75.0
15,1644-long,2026-05-02T03:24:00,2026-05-02T03:26:00,long,78347.81,78370.95401171873,78370.95401171873,0.419639,0.982728335035566,0.982728335035566,stop_loss,"['trend_ema', 'structure', 'order_block', 'fvg', 'momentum_candle', 'rsi', 'macd', 'vwap', 'volume_spike', 'rvol', 'mtf_confirmation', 'breaker_block', 'mitigation_block']",68.82
16,1822-short,2026-05-02T06:22:00,2026-05-02T06:36:00,short,78152.14,78176.24197235529,78176.24197235529,0.414904,-1.0,-1.0,stop_loss,"['trend_ema', 'structure', 'order_block', 'fvg', 'momentum_candle', 'rsi', 'macd', 'adx', 'vwap', 'breaker_block', 'mitigation_block']",30.59
17,1847-long,2026-05-02T06:47:00,2026-05-02T06:51:00,long,78259.51,78314.89,78300.01954997377,0.68899,1.9,1.9,tp3_full_close,"['trend_ema', 'structure', 'order_block', 'fvg', 'premium_discount', 'momentum_candle', 'rsi', 'macd', 'adx', 'vwap', 'breaker_block', 'mitigation_block']",69.71
18,1897-short,2026-05-02T07:37:00,2026-05-02T07:45:00,short,78250.02,78231.23224760516,78231.23224760516,0.831054,1.4684093602268524,1.4684093602268524,stop_loss,"['trend_ema', 'structure', 'order_block', 'fvg', 'momentum_candle', 'rsi', 'macd', 'adx', 'vwap', 'mtf_confirmation', 'session_quality', 'breaker_block', 'mitigation_block']",30.88
19,1933-long,2026-05-02T08:13:00,2026-05-02T08:17:00,long,78266.01,78252.15877625112,78252.15877625112,0.721958,-1.0,-1.0,stop_loss,"['trend_ema', 'structure', 'order_block', 'fvg', 'rsi', 'macd', 'adx', 'vwap', 'mtf_confirmation', 'session_quality', 'breaker_block', 'mitigation_block']",69.12
20,1949-long,2026-05-02T08:29:00,2026-05-02T08:36:00,long,78283.4,78324.88,78316.50013295974,0.898358,1.9,1.9,tp3_full_close,"['trend_ema', 'structure', 'order_block', 'fvg', 'rsi', 'macd', 'adx', 'vwap', 'rvol', 'mtf_confirmation', 'session_quality', 'breaker_block', 'mitigation_block']",71.47
21,1995-long,2026-05-02T09:15:00,2026-05-02T09:22:00,long,78326.58,78333.7878444406,78333.7878444406,0.862064,0.772817490450753,0.772817490450753,stop_loss,"['trend_ema', 'structure', 'order_block', 'fvg', 'premium_discount', 'momentum_candle', 'rsi', 'macd', 'vwap', 'rvol', 'mtf_confirmation', 'session_quality', 'inducement', 'breaker_block', 'mitigation_block']",74.12
22,2017-long,2026-05-02T09:37:00,2026-05-02T09:39:00,long,78378.38,78355.03160609456,78355.03160609456,0.428295,-1.0,-1.0,stop_loss,"['trend_ema', 'structure', 'order_block', 'fvg', 'premium_discount', 'rsi', 'macd', 'adx', 'vwap', 'mtf_confirmation', 'session_quality', 'breaker_block', 'mitigation_block']",69.41
23,2100-short,2026-05-02T11:00:00,2026-05-02T11:17:00,short,78190.03,78177.62154047136,78177.62154047136,0.717621,0.934274507733606,0.934274507733606,stop_loss,"['trend_ema', 'structure', 'order_block', 'fvg', 'premium_discount', 'momentum_candle', 'rsi', 'macd', 'vwap', 'rvol', 'breaker_block', 'mitigation_block']",28.24
24,2134-short,2026-05-02T11:34:00,2026-05-02T11:41:00,short,78177.52,78146.03,78153.42247938429,1.072246,1.9,1.9,tp3_full_close,"['trend_ema', 'structure', 'order_block', 'fvg', 'premium_discount', 'momentum_candle', 'rsi', 'macd', 'adx', 'vwap', 'rvol', 'breaker_block', 'mitigation_block']",26.76
25,2184-long,2026-05-02T12:24:00,2026-05-02T12:25:00,long,78167.8,78215.91,78203.1372736398,0.969587,1.9,1.9,tp3_full_close,"['trend_ema', 'structure', 'order_block', 'fvg', 'momentum_candle', 'rsi', 'macd', 'vwap', 'rvol', 'session_quality', 'breaker_block', 'mitigation_block']",72.35
26,2225-long,2026-05-02T13:05:00,2026-05-02T13:06:00,long,78333.7,78314.86457072009,78314.86457072009,0.530914,-1.0,-1.0,stop_loss,"['trend_ema', 'structure', 'order_block', 'fvg', 'premium_discount', 'momentum_candle', 'rsi', 'macd', 'adx', 'vwap', 'volume_spike', 'rvol', 'mtf_confirmation', 'session_quality', 'breaker_block', 'mitigation_block']",69.12
27,2260-long,2026-05-02T13:40:00,2026-05-02T13:46:00,long,78333.32,78353.74408896537,78353.74408896537,0.998618,1.6118757027597042,1.6118757027597042,stop_loss,"['trend_ema', 'structure', 'order_block', 'fvg', 'premium_discount', 'momentum_candle', 'rsi', 'macd', 'vwap', 'rvol', 'mtf_confirmation', 'session_quality', 'inducement', 'breaker_block', 'mitigation_block']",70.59
28,2305-long,2026-05-02T14:25:00,2026-05-02T14:27:00,long,78449.99,78449.99,78449.99,0.392942,0.4,0.4,stop_loss,"['trend_ema', 'structure', 'order_block', 'fvg', 'premium_discount', 'momentum_candle', 'rsi', 'macd', 'adx', 'vwap', 'volume_spike', 'rvol', 'mtf_confirmation', 'session_quality', 'breaker_block', 'mitigation_block']",69.12
29,2376-long,2026-05-02T15:36:00,2026-05-02T15:38:00,long,78409.33,78399.41165485604,78399.41165485604,1.008233,-1.0,-1.0,stop_loss,"['trend_ema', 'structure', 'order_block', 'fvg', 'rsi', 'macd', 'vwap', 'rvol', 'mtf_confirmation', 'breaker_block', 'mitigation_block']",73.82
30,2391-long,2026-05-02T15:51:00,2026-05-02T15:54:00,long,78421.02,78457.72,78447.6569039164,0.889308,1.9,1.9,tp3_full_close,"['trend_ema', 'structure', 'order_block', 'fvg', 'macd', 'vwap', 'mtf_confirmation', 'breaker_block', 'mitigation_block']",68.53
31,2408-long,2026-05-02T16:08:00,2026-05-02T16:15:00,long,78512.95,78529.60905362932,78529.60905362932,0.448849,0.8486444346965238,0.8486444346965238,stop_loss,"['trend_ema', 'structure', 'order_block', 'fvg', 'premium_discount', 'rsi', 'macd', 'adx', 'vwap', 'volume_spike', 'rvol', 'mtf_confirmation', 'breaker_block', 'mitigation_block']",72.35
32,2495-long,2026-05-02T17:35:00,2026-05-02T17:40:00,long,78482.63,78465.88073678351,78465.88073678351,0.597041,-1.0,-1.0,stop_loss,"['trend_ema', 'structure', 'order_block', 'fvg', 'momentum_candle', 'rsi', 'macd', 'vwap', 'mtf_confirmation', 'inducement', 'breaker_block', 'mitigation_block']",68.82
33,2524-short,2026-05-02T18:04:00,2026-05-02T18:17:00,short,78344.87,78330.46661949885,78330.46661949885,0.742513,1.3208408622706627,1.3208408622706627,stop_loss,"['trend_ema', 'structure', 'order_block', 'fvg', 'premium_discount', 'momentum_candle', 'rsi', 'macd', 'adx', 'vwap', 'volume_spike', 'rvol', 'mtf_confirmation', 'breaker_block', 'mitigation_block']",31.76
34,2551-long,2026-05-02T18:31:00,2026-05-02T18:34:00,long,78419.65,78441.25422680247,78441.25422680247,0.655688,1.4249691223963266,1.4249691223963266,stop_loss,"['trend_ema', 'structure', 'order_block', 'fvg', 'momentum_candle', 'rsi', 'macd', 'adx', 'vwap', 'mtf_confirmation', 'breaker_block', 'mitigation_block']",78.24
35,2570-long,2026-05-02T18:50:00,2026-05-02T18:55:00,long,78457.77,78474.31474671111,78474.31474671111,0.791792,1.3930000099174171,1.3930000099174171,stop_loss,"['trend_ema', 'structure', 'order_block', 'fvg', 'premium_discount', 'momentum_candle', 'rsi', 'macd', 'adx', 'vwap', 'mtf_confirmation', 'breaker_block', 'mitigation_block']",71.47
36,2620-long,2026-05-02T19:40:00,2026-05-02T19:41:00,long,78478.11,78505.67,78498.080523902,1.421373,1.9,1.9,tp3_full_close,"['trend_ema', 'structure', 'order_block', 'fvg', 'premium_discount', 'momentum_candle', 'rsi', 'macd', 'vwap', 'mtf_confirmation', 'breaker_block', 'mitigation_block']",74.71
37,2675-long,2026-05-02T20:35:00,2026-05-02T20:36:00,long,78447.0,78462.1,78457.32454776608,2.133932,1.9,1.9,tp3_full_close,"['trend_ema', 'structure', 'order_block', 'fvg', 'premium_discount', 'rsi', 'macd', 'adx', 'vwap', 'mtf_confirmation', 'breaker_block', 'mitigation_block']",73.82
38,2696-long,2026-05-02T20:56:00,2026-05-02T21:00:00,long,78450.55,78481.91,78474.4606631495,1.246087,1.9,1.9,tp3_full_close,"['trend_ema', 'structure', 'order_block', 'fvg', 'rsi', 'macd', 'adx', 'vwap', 'mtf_confirmation', 'breaker_block', 'mitigation_block']",71.76
39,2731-long,2026-05-02T21:31:00,2026-05-02T21:36:00,long,78536.53,78577.45,78563.99250133478,0.747534,1.9,1.9,tp3_full_close,"['trend_ema', 'structure', 'order_block', 'fvg', 'premium_discount', 'momentum_candle', 'rsi', 'macd', 'adx', 'vwap', 'rvol', 'mtf_confirmation', 'inducement', 'breaker_block', 'mitigation_block']",70.59
40,2766-long,2026-05-02T22:06:00,2026-05-02T22:19:00,long,78764.97,78694.56434561693,78694.56434561693,0.142034,-1.0,-1.0,stop_loss,"['trend_ema', 'structure', 'order_block', 'fvg', 'liquidity_sweep', 'smart_money_entry', 'macd', 'adx', 'vwap', 'mtf_confirmation', 'equal_high_low', 'inducement', 'mitigation_block']",70.29
41,2842-long,2026-05-02T23:22:00,2026-05-02T23:34:00,long,78747.5,78788.93553597877,78788.93553597877,0.349092,1.4339442777393434,1.4339442777393434,stop_loss,"['trend_ema', 'structure', 'order_block', 'fvg', 'macd', 'vwap', 'volume_spike', 'rvol', 'mtf_confirmation', 'inducement', 'breaker_block', 'mitigation_block']",69.12
42,2941-short,2026-05-03T01:01:00,2026-05-03T01:03:00,short,78379.99,78379.99,78379.99,0.242766,1.0,1.0,stop_loss,"['trend_ema', 'structure', 'order_block', 'fvg', 'premium_discount', 'momentum_candle', 'rsi', 'macd', 'adx', 'vwap', 'volume_spike', 'rvol', 'breaker_block', 'mitigation_block']",30.0
43,2962-short,2026-05-03T01:22:00,2026-05-03T01:27:00,short,78243.33,78291.95113979216,78291.95113979216,0.205672,-1.0,-1.0,stop_loss,"['trend_ema', 'structure', 'order_block', 'fvg', 'premium_discount', 'rsi', 'macd', 'adx', 'vwap', 'volume_spike', 'rvol', 'breaker_block', 'mitigation_block']",31.76
44,3002-short,2026-05-03T02:02:00,2026-05-03T02:04:00,short,78230.62,78258.62021406874,78258.62021406874,0.35714,-1.0,-1.0,stop_loss,"['trend_ema', 'structure', 'order_block', 'fvg', 'premium_discount', 'rsi', 'macd', 'adx', 'vwap', 'rvol', 'mtf_confirmation', 'breaker_block', 'mitigation_block']",30.29
45,3018-short,2026-05-03T02:18:00,2026-05-03T02:49:00,short,78138.19,78164.99,78171.18523575825,0.303074,-0.8122384757714821,-0.8122384757714821,weak_trade_close,"['trend_ema', 'structure', 'order_block', 'fvg', 'premium_discount', 'rsi', 'macd', 'adx', 'vwap', 'mtf_confirmation', 'breaker_block', 'mitigation_block']",30.29
46,4397-long,2026-05-04T01:17:00,2026-05-04T01:19:00,long,78522.77,78467.74278912651,78467.74278912651,0.181728,-1.0,-1.0,stop_loss,"['trend_ema', 'structure', 'order_block', 'fvg', 'momentum_candle', 'rsi', 'macd', 'vwap', 'volume_spike', 'rvol', 'breaker_block', 'mitigation_block']",69.41
47,4419-long,2026-05-04T01:39:00,2026-05-04T01:51:00,long,78868.11,79176.0,79084.44230407653,0.091805,1.9,1.9,tp3_full_close,"['trend_ema', 'structure', 'order_block', 'fvg', 'rsi', 'macd', 'adx', 'vwap', 'mtf_confirmation', 'breaker_block', 'mitigation_block']",72.35
48,4434-long,2026-05-04T01:54:00,2026-05-04T01:55:00,long,79251.52,79721.94,79594.89307368622,0.086191,1.9,1.9,tp3_full_close,"['trend_ema', 'structure', 'order_block', 'fvg', 'premium_discount', 'rsi', 'macd', 'adx', 'vwap', 'rvol', 'mtf_confirmation', 'breaker_block', 'mitigation_block']",70.88
49,4480-long,2026-05-04T02:40:00,2026-05-04T02:43:00,long,80160.22,80160.22,80160.22,0.077964,0.4,0.4,stop_loss,"['trend_ema', 'structure', 'order_block', 'fvg', 'premium_discount', 'momentum_candle', 'rsi', 'macd', 'adx', 'vwap', 'volume_spike', 'rvol', 'mtf_confirmation', 'equal_high_low', 'breaker_block', 'mitigation_block']",68.82
50,4495-long,2026-05-04T02:55:00,2026-05-04T02:59:00,long,80378.78,80233.67934071666,80233.67934071666,0.068918,-1.0,-1.0,stop_loss,"['trend_ema', 'structure', 'order_block', 'fvg', 'premium_discount', 'liquidity_sweep', 'smart_money_entry', 'momentum_candle', 'rsi', 'macd', 'adx', 'vwap', 'rvol', 'mtf_confirmation', 'equal_high_low', 'breaker_block', 'mitigation_block']",81.47
51,4551-long,2026-05-04T03:51:00,2026-05-04T04:03:00,long,80196.52,80339.04749467802,80339.04749467802,0.12658,1.5412337235476605,1.5412337235476605,stop_loss,"['trend_ema', 'structure', 'order_block', 'fvg', 'rsi', 'macd', 'vwap', 'mtf_confirmation', 'equal_high_low', 'breaker_block', 'mitigation_block', 'fake_breakout']",69.41
52,4566-long,2026-05-04T04:06:00,2026-05-04T04:16:00,long,80388.16,80445.74209226228,80445.74209226228,0.122332,0.8226480721995744,0.8226480721995744,stop_loss,"['trend_ema', 'structure', 'order_block', 'fvg', 'premium_discount', 'liquidity_sweep', 'smart_money_entry', 'rsi', 'macd', 'adx', 'vwap', 'mtf_confirmation', 'equal_high_low', 'breaker_block', 'mitigation_block']",75.0
53,4583-long,2026-05-04T04:23:00,2026-05-04T04:36:00,long,80270.25,80348.13026798399,80348.13026798399,0.105722,0.8940206705742532,0.8940206705742532,stop_loss,"['trend_ema', 'structure', 'order_block', 'fvg', 'liquidity_sweep', 'smart_money_entry', 'rsi', 'macd', 'adx', 'vwap', 'mtf_confirmation', 'equal_high_low', 'breaker_block', 'mitigation_block']",70.59
54,4733-long,2026-05-04T06:53:00,2026-05-04T06:59:00,long,79966.01,79911.96366513956,79911.96366513956,0.185026,-1.0,-1.0,stop_loss,"['trend_ema', 'structure', 'order_block', 'fvg', 'rsi', 'macd', 'adx', 'vwap', 'volume_spike', 'rvol', 'mtf_confirmation', 'breaker_block', 'mitigation_block']",73.24
55,4787-long,2026-05-04T07:47:00,2026-05-04T07:49:00,long,79899.71,79847.09039314261,79847.09039314261,0.190043,-1.0,-1.0,stop_loss,"['trend_ema', 'structure', 'order_block', 'fvg', 'premium_discount', 'rsi', 'macd', 'adx', 'vwap', 'mtf_confirmation', 'session_quality', 'equal_high_low', 'breaker_block', 'mitigation_block']",71.18
56,4804-short,2026-05-04T08:04:00,2026-05-04T08:08:00,short,79646.1,79693.3017524944,79693.3017524944,0.211857,-1.0,-1.0,stop_loss,"['trend_ema', 'structure', 'order_block', 'fvg', 'liquidity_sweep', 'smart_money_entry', 'momentum_candle', 'rsi', 'macd', 'adx', 'vwap', 'mtf_confirmation', 'session_quality', 'breaker_block', 'mitigation_block']",28.53
57,5763-long,2026-05-05T00:03:00,2026-05-05T00:06:00,long,79940.09,79966.1342998939,79966.1342998939,0.198236,0.7097743676142633,0.7097743676142633,stop_loss,"['trend_ema', 'structure', 'order_block', 'fvg', 'rsi', 'macd', 'adx', 'vwap', 'volume_spike', 'rvol', 'breaker_block', 'mitigation_block']",70.29
58,5792-long,2026-05-05T00:32:00,2026-05-05T00:34:00,long,79978.12,80093.96,80047.77197909879,0.227621,1.9,1.9,tp3_full_close,"['trend_ema', 'structure', 'order_block', 'fvg', 'rsi', 'macd', 'vwap', 'rvol', 'mtf_confirmation', 'breaker_block', 'mitigation_block']",71.47
59,5811-long,2026-05-05T00:51:00,2026-05-05T00:55:00,long,80134.09,80146.01351854335,80146.01351854335,0.218174,0.5560842641811258,0.5560842641811258,stop_loss,"['trend_ema', 'structure', 'order_block', 'fvg', 'premium_discount', 'momentum_candle', 'rsi', 'macd', 'adx', 'vwap', 'mtf_confirmation', 'breaker_block', 'mitigation_block']",71.47
60,5835-long,2026-05-05T01:15:00,2026-05-05T01:31:00,long,80233.86,80242.9160547481,80242.9160547481,0.213651,0.5160903721607417,0.5160903721607417,stop_loss,"['trend_ema', 'structure', 'order_block', 'fvg', 'premium_discount', 'rsi', 'macd', 'adx', 'vwap', 'mtf_confirmation', 'inducement', 'breaker_block', 'mitigation_block']",71.76
61,5878-long,2026-05-05T01:58:00,2026-05-05T02:01:00,long,80343.18,80303.69732831366,80303.69732831366,0.253276,-1.0,-1.0,stop_loss,"['trend_ema', 'structure', 'order_block', 'fvg', 'premium_discount', 'rsi', 'macd', 'adx', 'vwap', 'mtf_confirmation', 'inducement', 'breaker_block', 'mitigation_block']",68.24
62,5917-long,2026-05-05T02:37:00,2026-05-05T02:39:00,long,80575.42,80722.37,80674.23881716646,0.233731,1.9,1.9,tp3_full_close,"['trend_ema', 'structure', 'order_block', 'fvg', 'premium_discount', 'momentum_candle', 'rsi', 'macd', 'adx', 'vwap', 'volume_spike', 'rvol', 'mtf_confirmation', 'inducement', 'breaker_block', 'mitigation_block']",69.12
63,5953-long,2026-05-05T03:13:00,2026-05-05T03:23:00,long,80683.74,80772.99767564367,80772.99767564367,0.171684,1.4597228375239635,1.4597228375239635,stop_loss,"['trend_ema', 'structure', 'order_block', 'fvg', 'momentum_candle', 'rsi', 'macd', 'vwap', 'rvol', 'mtf_confirmation', 'breaker_block', 'mitigation_block']",73.24
64,5969-long,2026-05-05T03:29:00,2026-05-05T03:38:00,long,80796.22,80975.48,80925.17468914404,0.1683,1.9,1.9,tp3_full_close,"['trend_ema', 'structure', 'order_block', 'fvg', 'premium_discount', 'liquidity_sweep', 'smart_money_entry', 'rsi', 'macd', 'adx', 'vwap', 'mtf_confirmation', 'equal_high_low', 'breaker_block', 'mitigation_block', 'institutional_zone']",76.47
65,6049-long,2026-05-05T04:49:00,2026-05-05T05:00:00,long,80921.22,80871.20906040458,80871.20906040458,0.199956,-1.0,-1.0,stop_loss,"['trend_ema', 'structure', 'order_block', 'fvg', 'premium_discount', 'momentum_candle', 'rsi', 'macd', 'vwap', 'mtf_confirmation', 'breaker_block', 'mitigation_block', 'institutional_zone']",71.47
66,6083-long,2026-05-05T05:23:00,2026-05-05T05:24:00,long,80952.24,81155.69,81101.85593611216,0.220883,1.9,1.9,tp3_full_close,"['trend_ema', 'structure', 'order_block', 'fvg', 'premium_discount', 'rsi', 'macd', 'vwap', 'mtf_confirmation', 'breaker_block', 'mitigation_block', 'institutional_zone']",69.71
67,6098-long,2026-05-05T05:38:00,2026-05-05T05:41:00,long,81186.38,81186.38,81186.38,0.13589,0.4,0.4,stop_loss,"['trend_ema', 'structure', 'order_block', 'fvg', 'premium_discount', 'liquidity_sweep', 'smart_money_entry', 'momentum_candle', 'rsi', 'macd', 'adx', 'vwap', 'mtf_confirmation', 'equal_high_low', 'breaker_block', 'mitigation_block']",75.59
68,6116-short,2026-05-05T05:56:00,2026-05-05T06:14:00,short,80988.77,80950.24902622426,80950.24902622426,0.13994,0.7234376189667466,0.7234376189667466,stop_loss,"['trend_ema', 'structure', 'order_block', 'fvg', 'smart_money_entry', 'rsi', 'macd', 'vwap', 'mtf_confirmation', 'breaker_block', 'mitigation_block', 'institutional_zone']",29.71
69,6168-long,2026-05-05T06:48:00,2026-05-05T07:00:00,long,80900.14,80948.48110691032,80948.48110691032,0.255093,1.1398888285245266,1.1398888285245266,stop_loss,"['trend_ema', 'structure', 'order_block', 'fvg', 'premium_discount', 'momentum_candle', 'rsi', 'macd', 'vwap', 'mtf_confirmation', 'breaker_block', 'mitigation_block', 'institutional_zone']",71.47
70,6183-long,2026-05-05T07:03:00,2026-05-05T07:15:00,long,80932.09,80986.80948318676,80986.80948318676,0.256917,1.4217512284701381,1.4217512284701381,stop_loss,"['trend_ema', 'structure', 'order_block', 'fvg', 'premium_discount', 'macd', 'adx', 'vwap', 'mtf_confirmation', 'session_quality', 'breaker_block', 'mitigation_block', 'institutional_zone']",70.29
71,6216-long,2026-05-05T07:36:00,2026-05-05T07:40:00,long,81111.87,81071.78761525561,81071.78761525561,0.249486,-1.0,-1.0,stop_loss,"['trend_ema', 'structure', 'order_block', 'fvg', 'premium_discount', 'rsi', 'macd', 'adx', 'vwap', 'rvol', 'mtf_confirmation', 'session_quality', 'equal_high_low', 'breaker_block', 'mitigation_block']",68.82
72,6422-long,2026-05-05T11:02:00,2026-05-05T11:14:00,long,80831.26,80942.73,80912.53118710512,0.279064,1.9,1.9,tp3_full_close,"['trend_ema', 'structure', 'order_block', 'fvg', 'premium_discount', 'rsi', 'macd', 'vwap', 'mtf_confirmation', 'breaker_block', 'mitigation_block', 'institutional_zone']",69.71
73,6448-long,2026-05-05T11:28:00,2026-05-05T11:38:00,long,80950.52,81090.82,81057.83961887515,0.242557,1.9,1.9,tp3_full_close,"['trend_ema', 'structure', 'order_block', 'fvg', 'premium_discount', 'momentum_candle', 'rsi', 'macd', 'adx', 'vwap', 'volume_spike', 'rvol', 'mtf_confirmation', 'breaker_block', 'mitigation_block', 'institutional_zone']",68.53
74,6477-long,2026-05-05T11:57:00,2026-05-05T12:01:00,long,80974.93,80979.69922340053,80979.69922340053,0.233501,0.46681720849571307,0.46681720849571307,stop_loss,"['trend_ema', 'structure', 'order_block', 'fvg', 'premium_discount', 'momentum_candle', 'macd', 'adx', 'vwap', 'mtf_confirmation', 'breaker_block', 'mitigation_block', 'institutional_zone']",72.35
75,6492-long,2026-05-05T12:12:00,2026-05-05T12:31:00,long,81080.01,81241.02,81200.27949096475,0.179067,1.9,1.9,tp3_full_close,"['trend_ema', 'structure', 'order_block', 'fvg', 'premium_discount', 'rsi', 'macd', 'adx', 'vwap', 'mtf_confirmation', 'session_quality', 'breaker_block', 'mitigation_block']",70.59
76,6512-long,2026-05-05T12:32:00,2026-05-05T12:35:00,long,81235.52,81235.52,81235.52,0.19337,0.4,0.4,stop_loss,"['trend_ema', 'structure', 'order_block', 'fvg', 'premium_discount', 'rsi', 'macd', 'adx', 'vwap', 'mtf_confirmation', 'session_quality', 'equal_high_low', 'inducement', 'breaker_block', 'mitigation_block']",74.41
77,6530-long,2026-05-05T12:50:00,2026-05-05T12:55:00,long,81310.56,81252.90467811604,81252.90467811604,0.173445,-1.0,-1.0,stop_loss,"['trend_ema', 'structure', 'order_block', 'fvg', 'premium_discount', 'liquidity_sweep', 'smart_money_entry', 'momentum_candle', 'rsi', 'macd', 'adx', 'vwap', 'volume_spike', 'rvol', 'mtf_confirmation', 'session_quality', 'breaker_block', 'mitigation_block']",69.12
78,6545-long,2026-05-05T13:05:00,2026-05-05T13:07:00,long,81507.56,81507.56,81507.56,0.141958,0.4,0.4,stop_loss,"['trend_ema', 'structure', 'order_block', 'fvg', 'premium_discount', 'rsi', 'macd', 'adx', 'vwap', 'rvol', 'mtf_confirmation', 'session_quality', 'breaker_block', 'mitigation_block']",76.47
79,6569-long,2026-05-05T13:29:00,2026-05-05T13:39:00,long,81460.27,81361.53687783035,81361.53687783035,0.101283,-1.0,-1.0,stop_loss,"['trend_ema', 'structure', 'order_block', 'fvg', 'liquidity_sweep', 'smart_money_entry', 'macd', 'adx', 'vwap', 'mtf_confirmation', 'session_quality', 'equal_high_low', 'breaker_block', 'mitigation_block']",72.06
80,6630-long,2026-05-05T14:30:00,2026-05-05T14:37:00,long,81473.77,81337.88294722546,81337.88294722546,0.073591,-1.0,-1.0,stop_loss,"['trend_ema', 'structure', 'order_block', 'fvg', 'rsi', 'macd', 'vwap', 'mtf_confirmation', 'session_quality', 'breaker_block', 'mitigation_block']",70.0
81,6664-long,2026-05-05T15:04:00,2026-05-05T15:13:00,long,81409.99,81534.44175858551,81534.44175858551,0.117481,1.4386211119202228,1.4386211119202228,stop_loss,"['trend_ema', 'structure', 'order_block', 'fvg', 'momentum_candle', 'rsi', 'macd', 'vwap', 'rvol', 'mtf_confirmation', 'breaker_block', 'mitigation_block']",73.24
82,6679-long,2026-05-05T15:19:00,2026-05-05T15:26:00,long,81551.1,81592.80470331517,81592.80470331517,0.113742,0.6846141059567631,0.6846141059567631,stop_loss,"['trend_ema', 'structure', 'order_block', 'fvg', 'premium_discount', 'rsi', 'macd', 'adx', 'vwap', 'mtf_confirmation', 'breaker_block', 'mitigation_block']",69.71
83,6696-long,2026-05-05T15:36:00,2026-05-05T15:53:00,long,81629.99,81545.33349632482,81545.33349632482,0.118124,-1.0,-1.0,stop_loss,"['trend_ema', 'structure', 'order_block', 'fvg', 'premium_discount', 'rsi', 'macd', 'adx', 'vwap', 'mtf_confirmation', 'breaker_block', 'mitigation_block']",70.88
84,6757-short,2026-05-05T16:37:00,2026-05-05T16:41:00,short,81154.45,81128.42046099689,81128.42046099689,0.131143,0.6048152647653222,0.6048152647653222,stop_loss,"['trend_ema', 'structure', 'order_block', 'fvg', 'premium_discount', 'momentum_candle', 'rsi', 'macd', 'adx', 'vwap', 'volume_spike', 'rvol', 'mtf_confirmation', 'breaker_block', 'mitigation_block']",31.76
85,6853-long,2026-05-05T18:13:00,2026-05-05T18:14:00,long,81598.99,81537.48318382022,81537.48318382022,0.162584,-1.0,-1.0,stop_loss,"['trend_ema', 'structure', 'order_block', 'fvg', 'premium_discount', 'momentum_candle', 'rsi', 'macd', 'adx', 'vwap', 'volume_spike', 'rvol', 'mtf_confirmation', 'breaker_block', 'mitigation_block']",68.24
86,6883-long,2026-05-05T18:43:00,2026-05-05T18:52:00,long,81537.44,81492.53785504524,81492.53785504524,0.222707,-1.0,-1.0,stop_loss,"['trend_ema', 'structure', 'order_block', 'fvg', 'premium_discount', 'momentum_candle', 'rsi', 'macd', 'vwap', 'rvol', 'mtf_confirmation', 'breaker_block', 'mitigation_block']",70.0
87,6917-long,2026-05-05T19:17:00,2026-05-05T19:34:00,long,81541.64,81603.4283138515,81603.4283138515,0.231306,1.4287595992597675,1.4287595992597675,stop_loss,"['trend_ema', 'structure', 'order_block', 'fvg', 'premium_discount', 'momentum_candle', 'rsi', 'macd', 'adx', 'vwap', 'volume_spike', 'rvol', 'mtf_confirmation', 'breaker_block', 'mitigation_block']",78.82
88,6944-long,2026-05-05T19:44:00,2026-05-05T19:50:00,long,81654.17,81608.76484563673,81608.76484563673,0.220239,-1.0,-1.0,stop_loss,"['trend_ema', 'structure', 'order_block', 'fvg', 'premium_discount', 'rsi', 'macd', 'vwap', 'rvol', 'mtf_confirmation', 'breaker_block', 'mitigation_block']",68.24
89,6962-long,2026-05-05T20:02:00,2026-05-05T20:05:00,long,81673.82,81673.82,81673.82,0.184172,0.4,0.4,stop_loss,"['trend_ema', 'structure', 'order_block', 'fvg', 'premium_discount', 'rsi', 'macd', 'vwap', 'rvol', 'mtf_confirmation', 'breaker_block', 'mitigation_block']",68.24
90,6995-long,2026-05-05T20:35:00,2026-05-05T20:40:00,long,81664.43,81602.68681805111,81602.68681805111,0.161961,-1.0,-1.0,stop_loss,"['trend_ema', 'structure', 'order_block', 'fvg', 'premium_discount', 'rsi', 'macd', 'vwap', 'mtf_confirmation', 'breaker_block', 'mitigation_block']",68.24
91,7016-long,2026-05-05T20:56:00,2026-05-05T21:03:00,long,81650.35,81749.61,81711.638507554,0.234027,1.9,1.9,tp3_full_close,"['trend_ema', 'structure', 'order_block', 'fvg', 'liquidity_sweep', 'smart_money_entry', 'macd', 'vwap', 'mtf_confirmation', 'breaker_block', 'mitigation_block']",69.71
92,7075-long,2026-05-05T21:55:00,2026-05-05T21:58:00,long,81511.32,81452.93952993635,81452.93952993635,0.17129,-1.0,-1.0,stop_loss,"['trend_ema', 'structure', 'order_block', 'fvg', 'rsi', 'macd', 'vwap', 'mtf_confirmation', 'inducement', 'breaker_block', 'mitigation_block']",71.18
93,7163-short,2026-05-05T23:23:00,2026-05-05T23:32:00,short,81057.43,80934.1801403013,80934.1801403013,0.167118,1.6179178680012738,1.6179178680012738,stop_loss,"['trend_ema', 'structure', 'order_block', 'fvg', 'rsi', 'macd', 'vwap', 'rvol', 'equal_high_low', 'breaker_block', 'mitigation_block', 'institutional_zone']",29.41
94,7229-short,2026-05-06T00:29:00,2026-05-06T00:34:00,short,80922.16,80994.32188346765,80994.32188346765,0.138577,-1.0,-1.0,stop_loss,"['trend_ema', 'structure', 'order_block', 'fvg', 'premium_discount', 'rsi', 'macd', 'adx', 'vwap', 'mtf_confirmation', 'breaker_block', 'mitigation_block', 'institutional_zone']",30.0
95,7247-short,2026-05-06T00:47:00,2026-05-06T00:50:00,short,80856.63,80856.63,80856.63,0.16839,1.0,1.0,stop_loss,"['trend_ema', 'structure', 'order_block', 'fvg', 'premium_discount', 'rsi', 'macd', 'vwap', 'mtf_confirmation', 'breaker_block', 'mitigation_block', 'institutional_zone']",31.47
96,7294-long,2026-05-06T01:34:00,2026-05-06T01:36:00,long,81322.34,81265.10935073749,81265.10935073749,0.174732,-1.0,-1.0,stop_loss,"['trend_ema', 'structure', 'order_block', 'fvg', 'premium_discount', 'rsi', 'macd', 'adx', 'vwap', 'volume_spike', 'rvol', 'mtf_confirmation', 'breaker_block', 'mitigation_block']",68.82
97,7309-long,2026-05-06T01:49:00,2026-05-06T01:54:00,long,81407.08,81429.2203925701,81429.2203925701,0.167011,1.1109306755428803,1.1109306755428803,stop_loss,"['trend_ema', 'structure', 'order_block', 'fvg', 'premium_discount', 'rsi', 'macd', 'adx', 'vwap', 'mtf_confirmation', 'breaker_block', 'mitigation_block']",74.41
98,7368-long,2026-05-06T02:48:00,2026-05-06T02:52:00,long,81275.31,81227.95709155574,81227.95709155574,0.21118,-1.0,-1.0,stop_loss,"['trend_ema', 'structure', 'order_block', 'fvg', 'rsi', 'macd', 'vwap', 'mtf_confirmation', 'breaker_block', 'mitigation_block']",70.29
99,7384-long,2026-05-06T03:04:00,2026-05-06T03:08:00,long,81432.33,81387.41111184173,81387.41111184173,0.222623,-1.0,-1.0,stop_loss,"['trend_ema', 'structure', 'order_block', 'fvg', 'premium_discount', 'rsi', 'macd', 'adx', 'vwap', 'mtf_confirmation', 'breaker_block', 'mitigation_block']",68.53
100,7400-long,2026-05-06T03:20:00,2026-05-06T03:24:00,long,81430.07,81651.32,81603.05930596012,0.236017,1.9,1.9,tp3_full_close,"['trend_ema', 'structure', 'order_block', 'fvg', 'premium_discount', 'rsi', 'macd', 'adx', 'vwap', 'volume_spike', 'rvol', 'mtf_confirmation', 'breaker_block', 'mitigation_block']",68.82
101,7535-short,2026-05-06T05:35:00,2026-05-06T05:40:00,short,81154.76,81108.70018409578,81108.70018409578,0.250562,1.3462247503869555,1.3462247503869555,stop_loss,"['trend_ema', 'structure', 'order_block', 'fvg', 'premium_discount', 'momentum_candle', 'rsi', 'macd', 'adx', 'vwap', 'volume_spike', 'rvol', 'breaker_block', 'mitigation_block']",30.0
102,7560-long,2026-05-06T06:00:00,2026-05-06T06:02:00,long,81353.84,81353.84,81353.84,0.241112,0.4,0.4,stop_loss,"['trend_ema', 'structure', 'order_block', 'fvg', 'rsi', 'macd', 'adx', 'vwap', 'volume_spike', 'rvol', 'mtf_confirmation', 'breaker_block', 'mitigation_block']",73.24
103,7587-long,2026-05-06T06:27:00,2026-05-06T06:33:00,long,81355.52,81373.60440646908,81373.60440646908,0.245214,0.666072689663924,0.666072689663924,stop_loss,"['trend_ema', 'structure', 'order_block', 'fvg', 'momentum_candle', 'rsi', 'macd', 'vwap', 'mtf_confirmation', 'breaker_block', 'mitigation_block']",69.71
104,7602-long,2026-05-06T06:42:00,2026-05-06T06:52:00,long,81415.74,81480.68364611518,81480.68364611518,0.220823,1.4302320059213631,1.4302320059213631,stop_loss,"['trend_ema', 'structure', 'order_block', 'fvg', 'premium_discount', 'rsi', 'macd', 'adx', 'vwap', 'rvol', 'mtf_confirmation', 'breaker_block', 'mitigation_block']",68.53
105,7623-long,2026-05-06T07:03:00,2026-05-06T07:04:00,long,81527.83,81488.95126889543,81488.95126889543,0.25721,-1.0,-1.0,stop_loss,"['trend_ema', 'structure', 'order_block', 'fvg', 'premium_discount', 'momentum_candle', 'rsi', 'macd', 'adx', 'vwap', 'rvol', 'mtf_confirmation', 'session_quality', 'breaker_block', 'mitigation_block']",68.82
106,7684-long,2026-05-06T08:04:00,2026-05-06T08:09:00,long,81509.39,81553.28320656283,81553.28320656283,0.18864,1.248400788321254,1.248400788321254,stop_loss,"['trend_ema', 'structure', 'order_block', 'fvg', 'rsi', 'macd', 'adx', 'vwap', 'mtf_confirmation', 'session_quality', 'breaker_block', 'mitigation_block']",72.65
107,7734-long,2026-05-06T08:54:00,2026-05-06T09:01:00,long,81920.76,81826.62119088092,81826.62119088092,0.106226,-1.0,-1.0,stop_loss,"['trend_ema', 'structure', 'order_block', 'fvg', 'premium_discount', 'momentum_candle', 'rsi', 'macd', 'adx', 'vwap', 'mtf_confirmation', 'session_quality', 'breaker_block', 'mitigation_block']",71.18
108,7772-long,2026-05-06T09:32:00,2026-05-06T09:45:00,long,81865.19,81970.20412034304,81970.20412034304,0.138967,1.437806193229638,1.437806193229638,stop_loss,"['trend_ema', 'structure', 'order_block', 'fvg', 'premium_discount', 'rsi', 'macd', 'vwap', 'volume_spike', 'rvol', 'mtf_confirmation', 'session_quality', 'breaker_block', 'mitigation_block', 'fake_breakout']",73.82
109,7806-long,2026-05-06T10:06:00,2026-05-06T10:15:00,long,82008.18,82029.13143024765,82029.13143024765,0.14917,0.5875193066792025,0.5875193066792025,stop_loss,"['trend_ema', 'structure', 'order_block', 'fvg', 'premium_discount', 'liquidity_sweep', 'rsi', 'macd', 'adx', 'vwap', 'mtf_confirmation', 'equal_high_low', 'inducement', 'breaker_block', 'mitigation_block']",68.53
110,7821-long,2026-05-06T10:21:00,2026-05-06T10:28:00,long,82114.09,82158.85287855592,82158.85287855592,0.141699,0.780571941357084,0.780571941357084,stop_loss,"['trend_ema', 'structure', 'order_block', 'fvg', 'premium_discount', 'smart_money_entry', 'rsi', 'macd', 'adx', 'vwap', 'rvol', 'mtf_confirmation', 'equal_high_low', 'breaker_block', 'mitigation_block', 'fake_breakout']",68.53
111,7836-long,2026-05-06T10:36:00,2026-05-06T10:48:00,long,82218.58,82228.0677670854,82228.0677670854,0.128449,0.4731217634665504,0.4731217634665504,stop_loss,"['trend_ema', 'structure', 'order_block', 'fvg', 'premium_discount', 'liquidity_sweep', 'smart_money_entry', 'rsi', 'macd', 'adx', 'vwap', 'mtf_confirmation', 'equal_high_low', 'breaker_block', 'mitigation_block']",70.88
112,7854-long,2026-05-06T10:54:00,2026-05-06T11:00:00,long,82346.72,82270.14098832673,82270.14098832673,0.130584,-1.0,-1.0,stop_loss,"['trend_ema', 'structure', 'order_block', 'fvg', 'premium_discount', 'rsi', 'macd', 'adx', 'vwap', 'volume_spike', 'rvol', 'mtf_confirmation', 'equal_high_low', 'breaker_block', 'mitigation_block']",74.12
113,7876-long,2026-05-06T11:16:00,2026-05-06T11:18:00,long,82429.15,82524.10071029539,82524.10071029539,0.142207,1.4050786833469413,1.4050786833469413,stop_loss,"['trend_ema', 'structure', 'order_block', 'fvg', 'premium_discount', 'liquidity_sweep', 'smart_money_entry', 'momentum_candle', 'rsi', 'macd', 'adx', 'vwap', 'volume_spike', 'rvol', 'mtf_confirmation', 'equal_high_low', 'breaker_block', 'mitigation_block']",71.76
114,8042-short,2026-05-06T14:02:00,2026-05-06T14:06:00,short,81573.01,81253.7,81349.53148042093,0.102117,1.9,1.9,tp3_full_close,"['trend_ema', 'structure', 'order_block', 'fvg', 'premium_discount', 'rsi', 'macd', 'adx', 'vwap', 'session_quality', 'breaker_block', 'mitigation_block']",30.59
115,8072-long,2026-05-06T14:32:00,2026-05-06T14:47:00,long,81736.57,81861.97414302966,81861.97414302966,0.084016,1.316077892692459,1.316077892692459,stop_loss,"['trend_ema', 'structure', 'order_block', 'fvg', 'rsi', 'macd', 'adx', 'vwap', 'session_quality', 'breaker_block', 'mitigation_block']",70.88
116,8102-short,2026-05-06T15:02:00,2026-05-06T15:15:00,short,81589.85,81423.13058589226,81423.13058589226,0.102001,1.510167118158725,1.510167118158725,stop_loss,"['trend_ema', 'structure', 'order_block', 'fvg', 'rsi', 'macd', 'adx', 'vwap', 'breaker_block', 'mitigation_block']",31.76
117,8181-short,2026-05-06T16:21:00,2026-05-06T16:25:00,short,81550.01,81629.70941458648,81629.70941458648,0.125471,-1.0,-1.0,stop_loss,"['trend_ema', 'structure', 'order_block', 'fvg', 'momentum_candle', 'rsi', 'macd', 'vwap', 'volume_spike', 'rvol', 'mtf_confirmation', 'equal_high_low', 'breaker_block', 'mitigation_block']",23.53
118,8236-short,2026-05-06T17:16:00,2026-05-06T17:21:00,short,81459.04,81546.22831012426,81546.22831012426,0.114694,-1.0,-1.0,stop_loss,"['trend_ema', 'structure', 'order_block', 'fvg', 'premium_discount', 'momentum_candle', 'rsi', 'macd', 'vwap', 'volume_spike', 'rvol', 'mtf_confirmation', 'breaker_block', 'mitigation_block']",27.35
119,8292-short,2026-05-06T18:12:00,2026-05-06T18:13:00,short,81312.4,81371.85991586816,81371.85991586816,0.168181,-1.0,-1.0,stop_loss,"['trend_ema', 'structure', 'order_block', 'fvg', 'premium_discount', 'momentum_candle', 'rsi', 'macd', 'adx', 'vwap', 'volume_spike', 'rvol', 'mtf_confirmation', 'breaker_block', 'mitigation_block']",31.76
120,8658-short,2026-05-07T00:18:00,2026-05-07T00:28:00,short,81366.66,81285.75372093005,81285.75372093005,0.221793,1.538334495279194,1.538334495279194,stop_loss,"['trend_ema', 'structure', 'order_block', 'fvg', 'premium_discount', 'rsi', 'macd', 'vwap', 'mtf_confirmation', 'breaker_block', 'mitigation_block']",31.76
121,8673-short,2026-05-07T00:33:00,2026-05-07T00:45:00,short,81150.0,81069.20478260667,81069.20478260667,0.168427,1.408242317425478,1.408242317425478,stop_loss,"['trend_ema', 'structure', 'order_block', 'fvg', 'rsi', 'macd', 'adx', 'vwap', 'mtf_confirmation', 'breaker_block', 'mitigation_block']",28.24
122,8691-short,2026-05-07T00:51:00,2026-05-07T01:02:00,short,81058.48,81058.48,81058.48,0.150251,0.4,0.4,stop_loss,"['trend_ema', 'structure', 'order_block', 'fvg', 'premium_discount', 'rsi', 'macd', 'adx', 'vwap', 'mtf_confirmation', 'breaker_block', 'mitigation_block', 'institutional_zone']",27.65
123,8706-short,2026-05-07T01:06:00,2026-05-07T01:07:00,short,80888.0,80966.68245539175,80966.68245539175,0.127093,-1.0,-1.0,stop_loss,"['trend_ema', 'structure', 'order_block', 'fvg', 'premium_discount', 'momentum_candle', 'rsi', 'macd', 'adx', 'vwap', 'volume_spike', 'rvol', 'mtf_confirmation', 'breaker_block', 'mitigation_block', 'institutional_zone']",29.71
124,8759-short,2026-05-07T01:59:00,2026-05-07T02:09:00,short,81167.8,81014.84,81059.64947381361,0.200646,1.9,1.9,tp3_full_close,"['trend_ema', 'structure', 'order_block', 'fvg', 'rsi', 'macd', 'vwap', 'volume_spike', 'rvol', 'mtf_confirmation', 'breaker_block', 'mitigation_block']",29.41
125,8775-short,2026-05-07T02:15:00,2026-05-07T02:23:00,short,80968.97,80960.55253688255,80960.55253688255,0.166497,0.48408889369335806,0.48408889369335806,stop_loss,"['trend_ema', 'structure', 'order_block', 'fvg', 'rsi', 'macd', 'adx', 'vwap', 'mtf_confirmation', 'breaker_block', 'mitigation_block', 'institutional_zone']",22.06
126,8840-short,2026-05-07T03:20:00,2026-05-07T03:23:00,short,80983.48,80866.67,80902.9630909566,0.25937,1.9,1.9,tp3_full_close,"['trend_ema', 'structure', 'order_block', 'fvg', 'premium_discount', 'momentum_candle', 'rsi', 'macd', 'vwap', 'mtf_confirmation', 'inducement', 'breaker_block', 'mitigation_block', 'institutional_zone']",30.59
127,8868-short,2026-05-07T03:48:00,2026-05-07T03:50:00,short,80934.97,80967.60925759359,80967.60925759359,0.30638,-1.0,-1.0,stop_loss,"['trend_ema', 'structure', 'order_block', 'fvg', 'premium_discount', 'rsi', 'macd', 'vwap', 'mtf_confirmation', 'breaker_block', 'mitigation_block', 'institutional_zone']",25.59
128,8883-short,2026-05-07T04:03:00,2026-05-07T04:09:00,short,80859.8,80771.8,80809.26785294965,0.235662,1.9,1.9,tp3_full_close,"['trend_ema', 'structure', 'order_block', 'fvg', 'premium_discount', 'rsi', 'macd', 'adx', 'vwap', 'rvol', 'mtf_confirmation', 'breaker_block', 'mitigation_block', 'institutional_zone']",27.65
129,8919-short,2026-05-07T04:39:00,2026-05-07T04:49:00,short,80889.17,80926.32973456498,80926.32973456498,0.269108,-1.0,-1.0,stop_loss,"['trend_ema', 'structure', 'order_block', 'fvg', 'rsi', 'macd', 'vwap', 'mtf_confirmation', 'breaker_block', 'mitigation_block', 'institutional_zone']",28.24
130,8940-long,2026-05-07T05:00:00,2026-05-07T05:01:00,long,81035.16,81003.24020237484,81003.24020237484,0.313285,-1.0,-1.0,stop_loss,"['trend_ema', 'structure', 'order_block', 'fvg', 'premium_discount', 'momentum_candle', 'rsi', 'macd', 'adx', 'vwap', 'rvol', 'mtf_confirmation', 'breaker_block', 'mitigation_block', 'institutional_zone']",70.59
131,9005-short,2026-05-07T06:05:00,2026-05-07T06:09:00,short,81032.45,80977.88,80994.3904958387,0.353645,1.9,1.9,tp3_full_close,"['trend_ema', 'structure', 'order_block', 'fvg', 'momentum_candle', 'rsi', 'macd', 'vwap', 'volume_spike', 'rvol', 'mtf_confirmation', 'inducement', 'breaker_block', 'mitigation_block', 'institutional_zone']",24.12
132,9033-long,2026-05-07T06:33:00,2026-05-07T06:37:00,long,81227.52,81299.61415554324,81299.61415554324,0.195682,1.423226625638479,1.423226625638479,stop_loss,"['trend_ema', 'structure', 'order_block', 'fvg', 'premium_discount', 'momentum_candle', 'rsi', 'macd', 'adx', 'vwap', 'volume_spike', 'rvol', 'breaker_block', 'mitigation_block']",70.0
133,9064-long,2026-05-07T07:04:00,2026-05-07T07:09:00,long,81428.54,81482.17997950959,81482.17997950959,0.223629,1.359864283329181,1.359864283329181,stop_loss,"['trend_ema', 'structure', 'order_block', 'fvg', 'premium_discount', 'momentum_candle', 'rsi', 'macd', 'adx', 'vwap', 'mtf_confirmation', 'session_quality', 'breaker_block', 'mitigation_block']",68.82
134,9180-short,2026-05-07T09:00:00,2026-05-07T09:09:00,short,81171.62,81157.81683916399,81157.81683916399,0.204301,0.5692003145388651,0.5692003145388651,stop_loss,"['trend_ema', 'structure', 'order_block', 'fvg', 'premium_discount', 'momentum_candle', 'rsi', 'macd', 'adx', 'vwap', 'volume_spike', 'rvol', 'mtf_confirmation', 'session_quality', 'breaker_block', 'mitigation_block']",26.76
135,9202-short,2026-05-07T09:22:00,2026-05-07T09:30:00,short,81081.1,81040.23426460072,81040.23426460072,0.209138,0.9127942526260443,0.9127942526260443,stop_loss,"['trend_ema', 'structure', 'order_block', 'fvg', 'premium_discount', 'rsi', 'macd', 'adx', 'vwap', 'rvol', 'mtf_confirmation', 'session_quality', 'inducement', 'breaker_block', 'mitigation_block', 'fake_breakout']",30.59
136,9218-short,2026-05-07T09:38:00,2026-05-07T09:47:00,short,80933.35,80926.63034384036,80926.63034384036,0.161616,0.46516012675266105,0.46516012675266105,stop_loss,"['trend_ema', 'structure', 'order_block', 'fvg', 'premium_discount', 'momentum_candle', 'rsi', 'macd', 'adx', 'vwap', 'rvol', 'mtf_confirmation', 'session_quality', 'breaker_block', 'mitigation_block', 'institutional_zone']",26.76
137,9251-short,2026-05-07T10:11:00,2026-05-07T10:16:00,short,80903.42,80898.9984890175,80898.9984890175,0.245851,1.0326110100808241,1.0326110100808241,stop_loss,"['trend_ema', 'structure', 'order_block', 'fvg', 'premium_discount', 'rsi', 'macd', 'vwap', 'mtf_confirmation', 'breaker_block', 'mitigation_block', 'institutional_zone']",30.29
138,9266-short,2026-05-07T10:26:00,2026-05-07T10:28:00,short,80756.29,80580.48,80629.55190113987,0.214858,1.9,1.9,tp3_full_close,"['trend_ema', 'structure', 'order_block', 'fvg', 'premium_discount', 'rsi', 'macd', 'adx', 'vwap', 'volume_spike', 'rvol', 'mtf_confirmation', 'breaker_block', 'mitigation_block', 'institutional_zone']",26.18
139,9356-short,2026-05-07T11:56:00,2026-05-07T12:02:00,short,80856.01,80906.12769457289,80906.12769457289,0.19953,-1.0,-1.0,stop_loss,"['trend_ema', 'structure', 'order_block', 'fvg', 'momentum_candle', 'rsi', 'macd', 'adx', 'vwap', 'volume_spike', 'rvol', 'mtf_confirmation', 'breaker_block', 'mitigation_block', 'institutional_zone']",28.24
140,9433-short,2026-05-07T13:13:00,2026-05-07T13:16:00,short,80945.6,80925.74833647763,80925.74833647763,0.193343,0.6302902793225691,0.6302902793225691,stop_loss,"['trend_ema', 'structure', 'order_block', 'fvg', 'momentum_candle', 'rsi', 'macd', 'adx', 'vwap', 'volume_spike', 'rvol', 'mtf_confirmation', 'session_quality', 'breaker_block', 'mitigation_block', 'institutional_zone']",24.41
141,9452-short,2026-05-07T13:32:00,2026-05-07T13:41:00,short,80846.43,80648.35,80712.95857245676,0.138119,1.9,1.9,tp3_full_close,"['trend_ema', 'structure', 'order_block', 'fvg', 'premium_discount', 'rsi', 'macd', 'adx', 'vwap', 'volume_spike', 'rvol', 'mtf_confirmation', 'session_quality', 'breaker_block', 'mitigation_block', 'institutional_zone']",27.06
142,9499-short,2026-05-07T14:19:00,2026-05-07T14:37:00,short,80464.11,80111.01,80194.65918965123,0.091577,1.9,1.9,tp3_full_close,"['trend_ema', 'structure', 'order_block', 'fvg', 'premium_discount', 'rsi', 'macd', 'adx', 'vwap', 'rvol', 'mtf_confirmation', 'session_quality', 'breaker_block', 'mitigation_block']",30.0
143,9518-short,2026-05-07T14:38:00,2026-05-07T14:40:00,short,80058.44,80163.3745951309,80163.3745951309,0.095297,-1.0,-1.0,stop_loss,"['trend_ema', 'structure', 'order_block', 'fvg', 'premium_discount', 'rsi', 'macd', 'adx', 'vwap', 'rvol', 'mtf_confirmation', 'session_quality', 'breaker_block', 'mitigation_block']",31.18
144,9558-short,2026-05-07T15:18:00,2026-05-07T15:25:00,short,79978.84,79903.75092123786,79903.75092123786,0.09953,0.8484152799787377,0.8484152799787377,stop_loss,"['trend_ema', 'structure', 'order_block', 'fvg', 'premium_discount', 'momentum_candle', 'rsi', 'macd', 'vwap', 'volume_spike', 'rvol', 'mtf_confirmation', 'breaker_block', 'mitigation_block']",27.35
145,9600-short,2026-05-07T16:00:00,2026-05-07T16:03:00,short,79855.67,79937.4350956181,79937.4350956181,0.122302,-1.0,-1.0,stop_loss,"['trend_ema', 'structure', 'order_block', 'fvg', 'premium_discount', 'rsi', 'macd', 'vwap', 'rvol', 'mtf_confirmation', 'breaker_block', 'mitigation_block']",31.76
146,9657-short,2026-05-07T16:57:00,2026-05-07T17:02:00,short,79759.72,79823.47462562755,79823.47462562755,0.156851,-1.0,-1.0,stop_loss,"['trend_ema', 'structure', 'order_block', 'fvg', 'premium_discount', 'momentum_candle', 'rsi', 'macd', 'vwap', 'volume_spike', 'rvol', 'mtf_confirmation', 'breaker_block', 'mitigation_block']",28.53
147,9678-short,2026-05-07T17:18:00,2026-05-07T17:22:00,short,79727.27,79794.28045603899,79794.28045603899,0.14923,-1.0,-1.0,stop_loss,"['trend_ema', 'structure', 'order_block', 'fvg', 'premium_discount', 'momentum_candle', 'rsi', 'macd', 'vwap', 'volume_spike', 'rvol', 'mtf_confirmation', 'breaker_block', 'mitigation_block']",28.53
148,10114-short,2026-05-08T00:34:00,2026-05-08T00:47:00,short,80000.0,79859.5,79887.8346290427,0.218635,1.9,1.9,tp3_full_close,"['trend_ema', 'structure', 'order_block', 'fvg', 'momentum_candle', 'rsi', 'macd', 'vwap', 'rvol', 'mtf_confirmation', 'breaker_block', 'mitigation_block']",31.47
149,10131-short,2026-05-08T00:51:00,2026-05-08T00:58:00,short,79808.62,79776.91639171353,79776.91639171353,0.279185,1.2655347883337698,1.2655347883337698,stop_loss,"['trend_ema', 'structure', 'order_block', 'fvg', 'premium_discount', 'momentum_candle', 'rsi', 'macd', 'adx', 'vwap', 'mtf_confirmation', 'breaker_block', 'mitigation_block']",29.71
150,10150-short,2026-05-08T01:10:00,2026-05-08T01:15:00,short,79753.26,79641.22,79679.77451504307,0.225225,1.9,1.9,tp3_full_close,"['trend_ema', 'structure', 'order_block', 'fvg', 'premium_discount', 'momentum_candle', 'rsi', 'macd', 'adx', 'vwap', 'mtf_confirmation', 'breaker_block', 'mitigation_block']",23.82
151,10182-short,2026-05-08T01:42:00,2026-05-08T01:46:00,short,79796.13,79839.6806286089,79839.6806286089,0.229618,-1.0,-1.0,stop_loss,"['trend_ema', 'structure', 'order_block', 'fvg', 'macd', 'vwap', 'mtf_confirmation', 'breaker_block', 'mitigation_block']",30.29
152,10197-short,2026-05-08T01:57:00,2026-05-08T02:01:00,short,79730.22,79576.0,79613.42306154843,0.29857,1.9,1.9,tp3_full_close,"['trend_ema', 'structure', 'order_block', 'fvg', 'premium_discount', 'rsi', 'macd', 'vwap', 'mtf_confirmation', 'breaker_block', 'mitigation_block']",31.76
153,10216-short,2026-05-08T02:16:00,2026-05-08T02:17:00,short,79560.18,79375.13,79437.02214672504,0.180976,1.9,1.9,tp3_full_close,"['trend_ema', 'structure', 'order_block', 'fvg', 'premium_discount', 'momentum_candle', 'rsi', 'macd', 'adx', 'vwap', 'mtf_confirmation', 'equal_high_low', 'breaker_block', 'mitigation_block']",30.29
154,10254-short,2026-05-08T02:54:00,2026-05-08T03:01:00,short,79515.97,79352.51,79403.58703536207,0.178555,1.9,1.9,tp3_full_close,"['trend_ema', 'structure', 'order_block', 'fvg', 'rsi', 'macd', 'vwap', 'mtf_confirmation', 'breaker_block', 'mitigation_block']",29.71
155,10353-short,2026-05-08T04:33:00,2026-05-08T04:41:00,short,79671.38,79551.27,79577.77051701306,0.315337,1.9,1.9,tp3_full_close,"['trend_ema', 'structure', 'order_block', 'fvg', 'premium_discount', 'momentum_candle', 'macd', 'vwap', 'mtf_confirmation', 'breaker_block', 'mitigation_block']",28.82
156,10383-short,2026-05-08T05:03:00,2026-05-08T05:04:00,short,79610.73,79634.00995488094,79634.00995488094,0.429554,-1.0,-1.0,stop_loss,"['trend_ema', 'structure', 'order_block', 'fvg', 'rsi', 'macd', 'vwap', 'mtf_confirmation', 'inducement', 'breaker_block', 'mitigation_block']",28.82
157,10400-short,2026-05-08T05:20:00,2026-05-08T05:26:00,short,79610.46,79637.07649309014,79637.07649309014,0.375707,-1.0,-1.0,stop_loss,"['trend_ema', 'structure', 'order_block', 'fvg', 'rsi', 'macd', 'vwap', 'mtf_confirmation', 'breaker_block', 'mitigation_block']",30.88
158,10465-short,2026-05-08T06:25:00,2026-05-08T06:35:00,short,79555.78,79411.53,79442.98068433901,0.236909,1.9,1.9,tp3_full_close,"['trend_ema', 'structure', 'order_block', 'fvg', 'momentum_candle', 'rsi', 'macd', 'vwap', 'mtf_confirmation', 'breaker_block', 'mitigation_block']",31.47
159,10493-short,2026-05-08T06:53:00,2026-05-08T07:06:00,short,79495.44,79372.17,79402.57512906323,0.267682,1.9,1.9,tp3_full_close,"['trend_ema', 'structure', 'order_block', 'fvg', 'premium_discount', 'rsi', 'macd', 'adx', 'vwap', 'mtf_confirmation', 'breaker_block', 'mitigation_block']",30.29
160,10524-short,2026-05-08T07:24:00,2026-05-08T07:29:00,short,79280.39,79331.06364774403,79331.06364774403,0.197341,-1.0,-1.0,stop_loss,"['trend_ema', 'structure', 'order_block', 'fvg', 'premium_discount', 'rsi', 'macd', 'adx', 'vwap', 'rvol', 'mtf_confirmation', 'session_quality', 'breaker_block', 'mitigation_block']",31.18
161,10597-long,2026-05-08T08:37:00,2026-05-08T08:39:00,long,79790.83,79850.0,79826.46235653335,0.411425,1.9,1.9,tp3_full_close,"['trend_ema', 'structure', 'order_block', 'fvg', 'premium_discount', 'momentum_candle', 'rsi', 'macd', 'adx', 'vwap', 'session_quality', 'breaker_block', 'mitigation_block']",72.94
162,10653-short,2026-05-08T09:33:00,2026-05-08T09:49:00,short,79887.41,79818.76794426581,79818.76794426581,0.247646,1.5099676097609267,1.5099676097609267,stop_loss,"['trend_ema', 'structure', 'order_block', 'fvg', 'rsi', 'macd', 'adx', 'vwap', 'session_quality', 'inducement', 'breaker_block', 'mitigation_block']",28.82
163,10682-long,2026-05-08T10:02:00,2026-05-08T10:07:00,long,79985.94,79949.10953198955,79949.10953198955,0.271514,-1.0,-1.0,stop_loss,"['trend_ema', 'structure', 'order_block', 'fvg', 'premium_discount', 'momentum_candle', 'rsi', 'macd', 'adx', 'vwap', 'rvol', 'mtf_confirmation', 'inducement', 'breaker_block', 'mitigation_block']",69.41
164,10706-long,2026-05-08T10:26:00,2026-05-08T10:37:00,long,79928.0,80090.07,80053.32212640057,0.252395,1.9,1.9,tp3_full_close,"['trend_ema', 'structure', 'order_block', 'fvg', 'momentum_candle', 'rsi', 'macd', 'vwap', 'mtf_confirmation', 'inducement', 'breaker_block', 'mitigation_block']",70.0
165,10722-long,2026-05-08T10:42:00,2026-05-08T10:50:00,long,80082.15,80232.49,80192.26538657698,0.237541,1.9,1.9,tp3_full_close,"['trend_ema', 'structure', 'order_block', 'fvg', 'premium_discount', 'rsi', 'macd', 'adx', 'vwap', 'mtf_confirmation', 'breaker_block', 'mitigation_block']",69.71
166,10738-long,2026-05-08T10:58:00,2026-05-08T11:02:00,long,80220.77,80242.11011372792,80242.11011372792,0.19424,1.12435338898546,1.12435338898546,stop_loss,"['trend_ema', 'structure', 'order_block', 'fvg', 'premium_discount', 'rsi', 'macd', 'adx', 'vwap', 'mtf_confirmation', 'breaker_block', 'mitigation_block']",70.88
167,10819-long,2026-05-08T12:19:00,2026-05-08T12:30:00,long,80295.09,80246.7351306884,80246.7351306884,0.206804,-1.0,-1.0,stop_loss,"['trend_ema', 'structure', 'order_block', 'fvg', 'premium_discount', 'rsi', 'macd', 'vwap', 'mtf_confirmation', 'session_quality', 'breaker_block', 'mitigation_block']",69.12
168,10879-short,2026-05-08T13:19:00,2026-05-08T13:30:00,short,79760.93,79668.55093894825,79668.55093894825,0.113602,1.0296658215939987,1.0296658215939987,stop_loss,"['trend_ema', 'structure', 'order_block', 'fvg', 'premium_discount', 'rsi', 'macd', 'adx', 'vwap', 'session_quality', 'breaker_block', 'mitigation_block']",30.59
169,10901-short,2026-05-08T13:41:00,2026-05-08T14:00:00,short,79581.05,79680.2884151185,79680.2884151185,0.100767,-1.0,-1.0,stop_loss,"['trend_ema', 'structure', 'order_block', 'fvg', 'premium_discount', 'momentum_candle', 'rsi', 'macd', 'adx', 'vwap', 'volume_spike', 'rvol', 'mtf_confirmation', 'session_quality', 'breaker_block', 'mitigation_block']",30.29
170,10989-short,2026-05-08T15:09:00,2026-05-08T15:22:00,short,79978.17,79894.62357942868,79894.62357942868,0.11347,1.2843993138399914,1.2843993138399914,stop_loss,"['trend_ema', 'structure', 'order_block', 'fvg', 'rsi', 'macd', 'vwap', 'inducement', 'breaker_block', 'mitigation_block']",29.41
171,11027-long,2026-05-08T15:47:00,2026-05-08T15:52:00,long,80025.32,80025.32,80025.32,0.116116,0.4,0.4,stop_loss,"['trend_ema', 'structure', 'order_block', 'fvg', 'rsi', 'macd', 'adx', 'vwap', 'rvol', 'breaker_block', 'mitigation_block']",68.82
172,11130-long,2026-05-08T17:30:00,2026-05-08T17:32:00,long,80146.59,80146.59,80146.59,0.12914,0.4,0.4,stop_loss,"['trend_ema', 'structure', 'order_block', 'fvg', 'premium_discount', 'momentum_candle', 'rsi', 'macd', 'adx', 'vwap', 'volume_spike', 'rvol', 'mtf_confirmation', 'breaker_block', 'mitigation_block']",74.12
173,11219-short,2026-05-08T18:59:00,2026-05-08T19:06:00,short,80078.4,80027.71145496184,80027.71145496184,0.177188,1.2694413594958844,1.2694413594958844,stop_loss,"['trend_ema', 'structure', 'order_block', 'fvg', 'momentum_candle', 'rsi', 'macd', 'vwap', 'volume_spike', 'rvol', 'breaker_block', 'mitigation_block']",31.76
174,11260-long,2026-05-08T19:40:00,2026-05-08T20:00:00,long,80101.08,80145.86675109105,80145.86675109105,0.21238,0.9707095073692477,0.9707095073692477,stop_loss,"['trend_ema', 'structure', 'order_block', 'fvg', 'momentum_candle', 'rsi', 'macd', 'vwap', 'mtf_confirmation', 'breaker_block', 'mitigation_block']",72.06
175,11283-long,2026-05-08T20:03:00,2026-05-08T20:17:00,long,80178.82,80234.4584723812,80234.4584723812,0.238177,1.1951097383197404,1.1951097383197404,stop_loss,"['trend_ema', 'structure', 'order_block', 'fvg', 'rsi', 'macd', 'vwap', 'mtf_confirmation', 'breaker_block', 'mitigation_block']",70.29
176,11360-long,2026-05-08T21:20:00,2026-05-08T21:22:00,long,80225.46,80225.46,80225.46,0.361182,0.4,0.4,stop_loss,"['trend_ema', 'structure', 'order_block', 'fvg', 'rsi', 'macd', 'vwap', 'mtf_confirmation', 'breaker_block', 'mitigation_block']",69.12
177,11402-long,2026-05-08T22:02:00,2026-05-08T22:17:00,long,80287.64,80376.3559351225,80376.3559351225,0.222931,1.5933247016229344,1.5933247016229344,stop_loss,"['trend_ema', 'structure', 'order_block', 'fvg', 'premium_discount', 'momentum_candle', 'rsi', 'macd', 'vwap', 'mtf_confirmation', 'inducement', 'breaker_block', 'mitigation_block']",69.12
178,11505-long,2026-05-08T23:45:00,2026-05-09T00:02:00,long,80171.71,80185.0987891767,80185.0987891767,0.353532,0.6840022413776077,0.6840022413776077,stop_loss,"['trend_ema', 'structure', 'order_block', 'fvg', 'premium_discount', 'momentum_candle', 'macd', 'adx', 'vwap', 'mtf_confirmation', 'breaker_block', 'mitigation_block']",69.71
179,11551-long,2026-05-09T00:31:00,2026-05-09T00:39:00,long,80188.16,80204.0245985762,80204.0245985762,0.507829,0.8833900945579061,0.8833900945579061,stop_loss,"['trend_ema', 'structure', 'order_block', 'fvg', 'momentum_candle', 'rsi', 'macd', 'vwap', 'rvol', 'mtf_confirmation', 'breaker_block', 'mitigation_block']",72.06
180,11571-long,2026-05-09T00:51:00,2026-05-09T01:07:00,long,80229.94,80238.04439324938,80238.04439324938,0.545387,0.6652017738054739,0.6652017738054739,stop_loss,"['trend_ema', 'structure', 'order_block', 'fvg', 'premium_discount', 'momentum_candle', 'rsi', 'macd', 'vwap', 'mtf_confirmation', 'breaker_block', 'mitigation_block']",70.0
181,11595-long,2026-05-09T01:15:00,2026-05-09T01:16:00,long,80337.69,80317.88119567645,80317.88119567645,0.504826,-1.0,-1.0,stop_loss,"['trend_ema', 'structure', 'order_block', 'fvg', 'premium_discount', 'rsi', 'macd', 'adx', 'vwap', 'rvol', 'mtf_confirmation', 'breaker_block', 'mitigation_block']",69.71
182,11610-long,2026-05-09T01:30:00,2026-05-09T01:32:00,long,80291.66,80361.41,80342.1457122232,0.508098,1.9,1.9,tp3_full_close,"['trend_ema', 'structure', 'order_block', 'fvg', 'premium_discount', 'momentum_candle', 'rsi', 'macd', 'adx', 'vwap', 'mtf_confirmation', 'breaker_block', 'mitigation_block']",72.65
183,11630-long,2026-05-09T01:50:00,2026-05-09T01:55:00,long,80435.04,80410.69454143361,80410.69454143361,0.410754,-1.0,-1.0,stop_loss,"['trend_ema', 'structure', 'order_block', 'fvg', 'premium_discount', 'momentum_candle', 'rsi', 'macd', 'adx', 'vwap', 'rvol', 'mtf_confirmation', 'breaker_block', 'mitigation_block']",71.47
184,11646-long,2026-05-09T02:06:00,2026-05-09T02:13:00,long,80403.81,80427.37974279471,80427.37974279471,0.29423,0.8160951020961213,0.8160951020961213,stop_loss,"['trend_ema', 'structure', 'order_block', 'fvg', 'premium_discount', 'rsi', 'macd', 'adx', 'vwap', 'mtf_confirmation', 'breaker_block', 'mitigation_block']",69.71
185,11671-long,2026-05-09T02:31:00,2026-05-09T02:32:00,long,80476.25,80447.35133128239,80447.35133128239,0.346037,-1.0,-1.0,stop_loss,"['trend_ema', 'structure', 'order_block', 'fvg', 'premium_discount', 'momentum_candle', 'rsi', 'macd', 'adx', 'vwap', 'rvol', 'mtf_confirmation', 'breaker_block', 'mitigation_block']",71.47
186,11709-long,2026-05-09T03:09:00,2026-05-09T03:14:00,long,80422.43,80452.63084002875,80452.63084002875,0.433993,1.3932083262889123,1.3932083262889123,stop_loss,"['trend_ema', 'structure', 'order_block', 'fvg', 'premium_discount', 'macd', 'vwap', 'mtf_confirmation', 'inducement', 'breaker_block', 'mitigation_block']",68.53
187,11761-long,2026-05-09T04:01:00,2026-05-09T04:05:00,long,80415.76,80491.15,80474.34913077946,0.553118,1.9,1.9,tp3_full_close,"['trend_ema', 'structure', 'order_block', 'fvg', 'rsi', 'macd', 'vwap', 'mtf_confirmation', 'breaker_block', 'mitigation_block']",70.29
188,11853-long,2026-05-09T05:33:00,2026-05-09T05:47:00,long,80466.28,80439.90577797938,80439.90577797938,0.379158,-1.0,-1.0,stop_loss,"['trend_ema', 'structure', 'order_block', 'fvg', 'momentum_candle', 'rsi', 'macd', 'adx', 'vwap', 'mtf_confirmation', 'inducement', 'breaker_block', 'mitigation_block']",69.12
189,11888-long,2026-05-09T06:08:00,2026-05-09T06:11:00,long,80428.01,80412.34550699037,80412.34550699037,0.638386,-1.0,-1.0,stop_loss,"['trend_ema', 'structure', 'order_block', 'fvg', 'momentum_candle', 'rsi', 'macd', 'vwap', 'rvol', 'mtf_confirmation', 'inducement', 'breaker_block', 'mitigation_block']",70.0
190,12002-long,2026-05-09T08:02:00,2026-05-09T08:05:00,long,80344.99,80353.62665743098,80353.62665743098,0.353237,0.5830473838434631,0.5830473838434631,stop_loss,"['trend_ema', 'structure', 'order_block', 'fvg', 'premium_discount', 'momentum_candle', 'rsi', 'macd', 'adx', 'vwap', 'rvol', 'session_quality', 'breaker_block', 'mitigation_block']",71.76
191,12071-short,2026-05-09T09:11:00,2026-05-09T09:13:00,short,80375.14,80342.36,80351.52001591068,1.214413,1.9,1.9,tp3_full_close,"['trend_ema', 'structure', 'order_block', 'fvg', 'premium_discount', 'momentum_candle', 'rsi', 'macd', 'vwap', 'rvol', 'mtf_confirmation', 'session_quality', 'breaker_block', 'mitigation_block']",31.47
192,12154-long,2026-05-09T10:34:00,2026-05-09T10:39:00,long,80257.15,80323.56,80306.47277757003,0.526475,1.9,1.9,tp3_full_close,"['trend_ema', 'structure', 'order_block', 'fvg', 'rsi', 'macd', 'vwap', 'breaker_block', 'mitigation_block']",68.53
193,12200-long,2026-05-09T11:20:00,2026-05-09T11:23:00,long,80349.97,80356.45921085645,80356.45921085645,0.828235,0.7224755467930779,0.7224755467930779,stop_loss,"['trend_ema', 'structure', 'order_block', 'fvg', 'premium_discount', 'rsi', 'macd', 'adx', 'vwap', 'breaker_block', 'mitigation_block']",70.29
194,12227-long,2026-05-09T11:47:00,2026-05-09T11:49:00,long,80361.32,80355.36915339559,80355.36915339559,1.680433,-1.0,-1.0,stop_loss,"['trend_ema', 'structure', 'order_block', 'fvg', 'premium_discount', 'momentum_candle', 'rsi', 'macd', 'adx', 'vwap', 'mtf_confirmation', 'breaker_block', 'mitigation_block']",70.29
195,12244-long,2026-05-09T12:04:00,2026-05-09T12:06:00,long,80359.91,80365.4602780779,80365.4602780779,1.285917,0.8282319776445045,0.8282319776445045,stop_loss,"['trend_ema', 'structure', 'order_block', 'fvg', 'premium_discount', 'momentum_candle', 'rsi', 'macd', 'vwap', 'mtf_confirmation', 'session_quality', 'breaker_block', 'mitigation_block']",69.71
196,12263-long,2026-05-09T12:23:00,2026-05-09T12:27:00,long,80375.79,80382.92946873492,80382.92946873492,0.52062,0.6230168423410516,0.6230168423410516,stop_loss,"['trend_ema', 'structure', 'order_block', 'fvg', 'premium_discount', 'rsi', 'macd', 'adx', 'vwap', 'mtf_confirmation', 'session_quality', 'breaker_block', 'mitigation_block']",70.59
197,12286-long,2026-05-09T12:46:00,2026-05-09T12:55:00,long,80374.88,80397.80196844372,80397.80196844372,0.617947,1.4249366345911678,1.4249366345911678,stop_loss,"['trend_ema', 'structure', 'order_block', 'fvg', 'premium_discount', 'momentum_candle', 'rsi', 'macd', 'vwap', 'volume_spike', 'rvol', 'mtf_confirmation', 'session_quality', 'breaker_block', 'mitigation_block']",73.53
198,12372-long,2026-05-09T14:12:00,2026-05-09T14:13:00,long,80425.98,80409.13309221857,80409.13309221857,0.593581,-1.0,-1.0,stop_loss,"['trend_ema', 'structure', 'order_block', 'fvg', 'premium_discount', 'momentum_candle', 'rsi', 'macd', 'vwap', 'rvol', 'mtf_confirmation', 'session_quality', 'breaker_block', 'mitigation_block']",70.88
199,12407-long,2026-05-09T14:47:00,2026-05-09T14:50:00,long,80366.44,80338.76946342914,80338.76946342914,0.361395,-1.0,-1.0,stop_loss,"['trend_ema', 'structure', 'order_block', 'fvg', 'momentum_candle', 'rsi', 'macd', 'adx', 'vwap', 'mtf_confirmation', 'session_quality', 'breaker_block', 'mitigation_block']",73.24
200,12437-long,2026-05-09T15:17:00,2026-05-09T15:30:00,long,80368.36,80471.28,80449.01883877676,0.306389,1.9,1.9,tp3_full_close,"['trend_ema', 'structure', 'order_block', 'fvg', 'momentum_candle', 'rsi', 'macd', 'vwap', 'mtf_confirmation', 'breaker_block', 'mitigation_block']",69.71
201,12456-long,2026-05-09T15:36:00,2026-05-09T15:42:00,long,80473.48,80512.52516042665,80512.52516042665,0.403525,1.4726709396480884,1.4726709396480884,stop_loss,"['trend_ema', 'structure', 'order_block', 'fvg', 'premium_discount', 'rsi', 'macd', 'adx', 'vwap', 'mtf_confirmation', 'breaker_block', 'mitigation_block']",69.71
202,12489-long,2026-05-09T16:09:00,2026-05-09T16:11:00,long,80571.14,80593.93677778928,80593.93677778928,0.314982,0.8308351145109147,0.8308351145109147,stop_loss,"['trend_ema', 'structure', 'order_block', 'fvg', 'premium_discount', 'momentum_candle', 'rsi', 'macd', 'adx', 'vwap', 'rvol', 'mtf_confirmation', 'breaker_block', 'mitigation_block']",70.29
203,12504-long,2026-05-09T16:24:00,2026-05-09T16:28:00,long,80728.19,80682.06471275049,80682.06471275049,0.216801,-1.0,-1.0,stop_loss,"['trend_ema', 'structure', 'order_block', 'fvg', 'premium_discount', 'rsi', 'macd', 'adx', 'vwap', 'mtf_confirmation', 'breaker_block', 'mitigation_block']",68.53
204,12545-long,2026-05-09T17:05:00,2026-05-09T17:06:00,long,80732.52,80703.67508763832,80703.67508763832,0.346682,-1.0,-1.0,stop_loss,"['trend_ema', 'structure', 'order_block', 'fvg', 'premium_discount', 'momentum_candle', 'rsi', 'macd', 'vwap', 'rvol', 'mtf_confirmation', 'breaker_block', 'mitigation_block']",68.82
205,12565-long,2026-05-09T17:25:00,2026-05-09T17:33:00,long,80817.45,80841.81178390475,80841.81178390475,0.242393,0.7543070997350285,0.7543070997350285,stop_loss,"['trend_ema', 'structure', 'order_block', 'fvg', 'premium_discount', 'momentum_candle', 'rsi', 'macd', 'adx', 'vwap', 'rvol', 'mtf_confirmation', 'breaker_block', 'mitigation_block', 'institutional_zone']",74.12
206,12624-long,2026-05-09T18:24:00,2026-05-09T18:26:00,long,80854.59,81025.51,80993.63480245485,0.43177,1.9,1.9,tp3_full_close,"['trend_ema', 'structure', 'order_block', 'fvg', 'premium_discount', 'momentum_candle', 'rsi', 'macd', 'vwap', 'mtf_confirmation', 'breaker_block', 'mitigation_block', 'institutional_zone']",71.47
207,12683-long,2026-05-09T19:23:00,2026-05-09T19:24:00,long,80914.91,80892.13010892182,80892.13010892182,0.438984,-1.0,-1.0,stop_loss,"['trend_ema', 'structure', 'order_block', 'fvg', 'rsi', 'macd', 'vwap', 'mtf_confirmation', 'inducement', 'breaker_block', 'mitigation_block', 'institutional_zone']",68.53
208,12711-long,2026-05-09T19:51:00,2026-05-09T19:54:00,long,80877.55,80931.49,80911.30643436394,0.473261,1.9,1.9,tp3_full_close,"['trend_ema', 'structure', 'order_block', 'fvg', 'rsi', 'macd', 'vwap', 'mtf_confirmation', 'breaker_block', 'mitigation_block', 'institutional_zone']",71.76
209,12775-long,2026-05-09T20:55:00,2026-05-09T21:06:00,long,80805.51,80860.92,80850.3231560957,0.604902,1.9,1.9,tp3_full_close,"['trend_ema', 'structure', 'order_block', 'fvg', 'premium_discount', 'momentum_candle', 'macd', 'vwap', 'rvol', 'mtf_confirmation', 'inducement', 'breaker_block', 'mitigation_block', 'institutional_zone']",68.24
210,12794-long,2026-05-09T21:14:00,2026-05-09T21:17:00,long,80856.19,80859.6028931814,80859.6028931814,0.662081,0.5355767887055575,0.5355767887055575,stop_loss,"['trend_ema', 'structure', 'order_block', 'fvg', 'rsi', 'macd', 'vwap', 'mtf_confirmation', 'breaker_block', 'mitigation_block', 'institutional_zone']",72.35
211,12883-long,2026-05-09T22:43:00,2026-05-09T22:48:00,long,80823.24,80798.8018103447,80798.8018103447,0.409196,-1.0,-1.0,stop_loss,"['trend_ema', 'structure', 'order_block', 'fvg', 'rsi', 'macd', 'vwap', 'mtf_confirmation', 'breaker_block', 'mitigation_block', 'institutional_zone']",70.59
212,12900-long,2026-05-09T23:00:00,2026-05-09T23:04:00,long,80805.51,80820.17331545286,80820.17331545286,0.4588,1.2018259835528675,1.2018259835528675,stop_loss,"['trend_ema', 'structure', 'order_block', 'fvg', 'premium_discount', 'momentum_candle', 'rsi', 'macd', 'vwap', 'volume_spike', 'rvol', 'mtf_confirmation', 'breaker_block', 'mitigation_block', 'institutional_zone']",69.41
213,13021-short,2026-05-10T01:01:00,2026-05-10T01:08:00,short,80604.07,80635.2231798243,80635.2231798243,0.320995,-1.0,-1.0,stop_loss,"['trend_ema', 'structure', 'order_block', 'fvg', 'premium_discount', 'momentum_candle', 'rsi', 'macd', 'adx', 'vwap', 'volume_spike', 'rvol', 'breaker_block', 'mitigation_block']",31.18
214,13103-long,2026-05-10T02:23:00,2026-05-10T02:27:00,long,80679.99,80738.14,80721.38792158107,0.510678,1.9,1.9,tp3_full_close,"['trend_ema', 'structure', 'order_block', 'fvg', 'momentum_candle', 'rsi', 'macd', 'adx', 'vwap', 'breaker_block', 'mitigation_block']",69.41
215,13130-long,2026-05-10T02:50:00,2026-05-10T03:06:00,long,80770.0,80794.95928588502,80794.95928588502,0.408095,1.3055725170574657,1.3055725170574657,stop_loss,"['trend_ema', 'structure', 'order_block', 'fvg', 'premium_discount', 'momentum_candle', 'rsi', 'macd', 'adx', 'vwap', 'rvol', 'mtf_confirmation', 'inducement', 'breaker_block', 'mitigation_block', 'institutional_zone']",69.12
216,13229-long,2026-05-10T04:29:00,2026-05-10T04:33:00,long,80792.78,80824.98928606894,80824.98928606894,0.570861,1.5516111469727787,1.5516111469727787,stop_loss,"['trend_ema', 'structure', 'order_block', 'fvg', 'momentum_candle', 'macd', 'vwap', 'mtf_confirmation', 'breaker_block', 'mitigation_block', 'institutional_zone']",76.47
217,13283-long,2026-05-10T05:23:00,2026-05-10T05:29:00,long,80795.11,80802.50004424318,80802.50004424318,0.741192,0.7286466890094563,0.7286466890094563,stop_loss,"['trend_ema', 'structure', 'order_block', 'fvg', 'rsi', 'macd', 'vwap', 'mtf_confirmation', 'breaker_block', 'mitigation_block', 'institutional_zone']",70.59
218,13361-long,2026-05-10T06:41:00,2026-05-10T06:43:00,long,80719.99,80699.39507823983,80699.39507823983,0.485557,-1.0,-1.0,stop_loss,"['trend_ema', 'structure', 'order_block', 'fvg', 'momentum_candle', 'rsi', 'macd', 'adx', 'vwap', 'rvol', 'breaker_block', 'mitigation_block']",70.59
219,13380-long,2026-05-10T07:00:00,2026-05-10T07:04:00,long,80755.21,80762.16602598444,80762.16602598444,0.646334,1.1348773842033693,1.1348773842033693,stop_loss,"['trend_ema', 'structure', 'order_block', 'fvg', 'momentum_candle', 'rsi', 'macd', 'vwap', 'mtf_confirmation', 'session_quality', 'breaker_block', 'mitigation_block', 'institutional_zone']",79.12
220,13402-long,2026-05-10T07:22:00,2026-05-10T07:27:00,long,80791.77,80791.77,80791.77,0.567815,1.0,1.0,stop_loss,"['trend_ema', 'structure', 'order_block', 'fvg', 'premium_discount', 'momentum_candle', 'rsi', 'macd', 'vwap', 'mtf_confirmation', 'session_quality', 'breaker_block', 'mitigation_block', 'institutional_zone']",77.06
221,13418-long,2026-05-10T07:38:00,2026-05-10T07:45:00,long,80780.8,80785.6678288239,80785.6678288239,0.871085,0.6544174692319051,0.6544174692319051,stop_loss,"['trend_ema', 'structure', 'order_block', 'fvg', 'premium_discount', 'rsi', 'macd', 'adx', 'vwap', 'mtf_confirmation', 'session_quality', 'breaker_block', 'mitigation_block', 'institutional_zone']",68.53
222,13450-long,2026-05-10T08:10:00,2026-05-10T08:12:00,long,80793.64,80775.95879124737,80775.95879124737,0.565572,-1.0,-1.0,stop_loss,"['trend_ema', 'structure', 'order_block', 'fvg', 'premium_discount', 'rsi', 'macd', 'adx', 'vwap', 'mtf_confirmation', 'session_quality', 'breaker_block', 'mitigation_block', 'institutional_zone']",70.88
223,13465-long,2026-05-10T08:25:00,2026-05-10T08:32:00,long,80879.9,80887.86228543364,80887.86228543364,0.394333,0.588387607375383,0.588387607375383,stop_loss,"['trend_ema', 'structure', 'order_block', 'fvg', 'premium_discount', 'momentum_candle', 'rsi', 'macd', 'adx', 'vwap', 'volume_spike', 'rvol', 'mtf_confirmation', 'session_quality', 'breaker_block', 'mitigation_block', 'institutional_zone']",70.59
224,13483-long,2026-05-10T08:43:00,2026-05-10T09:03:00,long,80836.74,80902.02,80885.54668393686,0.452852,1.9,1.9,tp3_full_close,"['trend_ema', 'structure', 'order_block', 'fvg', 'macd', 'adx', 'vwap', 'mtf_confirmation', 'session_quality', 'breaker_block', 'mitigation_block', 'institutional_zone']",68.82
225,13523-short,2026-05-10T09:23:00,2026-05-10T09:37:00,short,80820.57,80763.41,80775.11519116403,0.572174,1.9,1.9,tp3_full_close,"['trend_ema', 'structure', 'order_block', 'fvg', 'momentum_candle', 'rsi', 'macd', 'vwap', 'mtf_confirmation', 'session_quality', 'inducement', 'breaker_block', 'mitigation_block', 'institutional_zone']",31.18
226,13561-long,2026-05-10T10:01:00,2026-05-10T10:02:00,long,80834.0,80818.48203248209,80818.48203248209,0.644414,-1.0,-1.0,stop_loss,"['trend_ema', 'structure', 'order_block', 'fvg', 'momentum_candle', 'rsi', 'macd', 'vwap', 'mtf_confirmation', 'breaker_block', 'mitigation_block', 'institutional_zone']",68.24
227,13613-long,2026-05-10T10:53:00,2026-05-10T11:02:00,long,80861.77,80952.44,80934.71000832843,0.54747,1.9,1.9,tp3_full_close,"['trend_ema', 'structure', 'order_block', 'fvg', 'premium_discount', 'rsi', 'macd', 'vwap', 'mtf_confirmation', 'breaker_block', 'mitigation_block', 'institutional_zone']",69.71
228,13676-long,2026-05-10T11:56:00,2026-05-10T11:57:00,long,80855.3,80838.81986224871,80838.81986224871,0.606791,-1.0,-1.0,stop_loss,"['trend_ema', 'structure', 'order_block', 'fvg', 'momentum_candle', 'rsi', 'macd', 'vwap', 'mtf_confirmation', 'inducement', 'breaker_block', 'mitigation_block', 'institutional_zone']",70.29
229,13693-long,2026-05-10T12:13:00,2026-05-10T12:19:00,long,80865.05,80868.4801672171,80868.4801672171,0.557879,0.5148170908795059,0.5148170908795059,stop_loss,"['trend_ema', 'structure', 'order_block', 'fvg', 'momentum_candle', 'rsi', 'macd', 'vwap', 'mtf_confirmation', 'session_quality', 'breaker_block', 'mitigation_block', 'institutional_zone']",74.41
230,13708-long,2026-05-10T12:28:00,2026-05-10T12:34:00,long,80901.5,80916.62104144615,80916.62104144615,0.479055,0.8346289015553576,0.8346289015553576,stop_loss,"['trend_ema', 'structure', 'order_block', 'fvg', 'rsi', 'macd', 'adx', 'vwap', 'mtf_confirmation', 'session_quality', 'breaker_block', 'mitigation_block', 'institutional_zone']",74.12
231,13754-long,2026-05-10T13:14:00,2026-05-10T13:17:00,long,80925.3,80902.81363456679,80902.81363456679,0.444714,-1.0,-1.0,stop_loss,"['trend_ema', 'structure', 'order_block', 'fvg', 'premium_discount', 'rsi', 'macd', 'vwap', 'volume_spike', 'rvol', 'mtf_confirmation', 'session_quality', 'breaker_block', 'mitigation_block', 'fake_breakout', 'institutional_zone']",70.59
232,13784-long,2026-05-10T13:44:00,2026-05-10T13:52:00,long,80984.7,80957.91917188138,80957.91917188138,0.373401,-1.0,-1.0,stop_loss,"['trend_ema', 'structure', 'order_block', 'fvg', 'premium_discount', 'momentum_candle', 'rsi', 'macd', 'adx', 'vwap', 'volume_spike', 'rvol', 'mtf_confirmation', 'session_quality', 'breaker_block', 'mitigation_block', 'institutional_zone']",68.24
233,13854-long,2026-05-10T14:54:00,2026-05-10T15:04:00,long,80981.8,81048.74,81014.02013969529,0.260111,1.9,1.9,tp3_full_close,"['trend_ema', 'structure', 'order_block', 'fvg', 'premium_discount', 'rsi', 'macd', 'adx', 'vwap', 'mtf_confirmation', 'session_quality', 'breaker_block', 'mitigation_block', 'fake_breakout', 'institutional_zone']",69.41
234,13896-long,2026-05-10T15:36:00,2026-05-10T15:40:00,long,81070.01,81161.62,81126.04768498144,0.273824,1.9,1.9,tp3_full_close,"['trend_ema', 'structure', 'order_block', 'fvg', 'premium_discount', 'momentum_candle', 'rsi', 'macd', 'vwap', 'volume_spike', 'rvol', 'mtf_confirmation', 'inducement', 'breaker_block', 'mitigation_block', 'institutional_zone']",69.12
235,13911-long,2026-05-10T15:51:00,2026-05-10T15:53:00,long,81366.06,81366.98720808377,81366.98720808377,0.133478,0.407425708360937,0.407425708360937,stop_loss,"['trend_ema', 'structure', 'order_block', 'fvg', 'premium_discount', 'rsi', 'macd', 'adx', 'vwap', 'mtf_confirmation', 'breaker_block', 'mitigation_block', 'fake_breakout']",71.76
236,13970-long,2026-05-10T16:50:00,2026-05-10T17:01:00,long,81324.07,81358.19168026622,81358.19168026622,0.235126,0.88137282338084,0.88137282338084,stop_loss,"['trend_ema', 'structure', 'order_block', 'fvg', 'rsi', 'macd', 'vwap', 'mtf_confirmation', 'breaker_block', 'mitigation_block']",70.29
237,13985-long,2026-05-10T17:05:00,2026-05-10T17:06:00,long,81423.34,81387.43413978152,81387.43413978152,0.278506,-1.0,-1.0,stop_loss,"['trend_ema', 'structure', 'order_block', 'fvg', 'premium_discount', 'momentum_candle', 'rsi', 'macd', 'adx', 'vwap', 'mtf_confirmation', 'breaker_block', 'mitigation_block']",70.29
238,14000-long,2026-05-10T17:20:00,2026-05-10T17:22:00,long,81368.0,81380.98152434205,81380.98152434205,0.203682,0.5586465425104921,0.5586465425104921,stop_loss,"['trend_ema', 'structure', 'order_block', 'fvg', 'premium_discount', 'rsi', 'macd', 'vwap', 'mtf_confirmation', 'breaker_block', 'mitigation_block']",68.24
239,14024-long,2026-05-10T17:44:00,2026-05-10T17:49:00,long,81381.31,81397.34484676983,81397.34484676983,0.281053,0.6703985221403541,0.6703985221403541,stop_loss,"['trend_ema', 'structure', 'order_block', 'fvg', 'momentum_candle', 'rsi', 'macd', 'vwap', 'mtf_confirmation', 'breaker_block', 'mitigation_block']",72.06
240,14115-long,2026-05-10T19:15:00,2026-05-10T19:17:00,long,81407.51,81407.51,81407.51,0.262891,0.4,0.4,stop_loss,"['trend_ema', 'structure', 'order_block', 'fvg', 'momentum_candle', 'rsi', 'macd', 'adx', 'vwap', 'volume_spike', 'rvol', 'mtf_confirmation', 'breaker_block', 'mitigation_block']",69.12
241,14161-long,2026-05-10T20:01:00,2026-05-10T20:12:00,long,81442.0,81414.59676242872,81414.59676242872,0.36492,-1.0,-1.0,stop_loss,"['trend_ema', 'structure', 'order_block', 'fvg', 'premium_discount', 'rsi', 'macd', 'adx', 'vwap', 'mtf_confirmation', 'breaker_block', 'mitigation_block']",69.71
242,14195-short,2026-05-10T20:35:00,2026-05-10T20:37:00,short,81009.87,81080.69544256321,81080.69544256321,0.141192,-1.0,-1.0,stop_loss,"['trend_ema', 'structure', 'order_block', 'fvg', 'premium_discount', 'rsi', 'macd', 'adx', 'vwap', 'breaker_block', 'mitigation_block', 'institutional_zone']",30.59
243,14225-short,2026-05-10T21:05:00,2026-05-10T21:15:00,short,80834.21,80673.51206608072,80673.51206608072,0.083172,1.400968935478568,1.400968935478568,stop_loss,"['trend_ema', 'structure', 'order_block', 'fvg', 'macd', 'adx', 'vwap', 'mtf_confirmation', 'breaker_block', 'mitigation_block', 'institutional_zone']",27.35
244,14240-short,2026-05-10T21:20:00,2026-05-10T21:32:00,short,80782.16,80886.29638552078,80886.29638552078,0.096028,-1.0,-1.0,stop_loss,"['trend_ema', 'structure', 'order_block', 'fvg', 'momentum_candle', 'macd', 'adx', 'vwap', 'rvol', 'mtf_confirmation', 'breaker_block', 'mitigation_block', 'institutional_zone']",29.12
245,14287-long,2026-05-10T22:07:00,2026-05-10T22:16:00,long,81138.51,81252.98460999715,81252.98460999715,0.066674,0.8579498252120996,0.8579498252120996,stop_loss,"['trend_ema', 'structure', 'order_block', 'fvg', 'premium_discount', 'rsi', 'macd', 'adx', 'vwap', 'rvol', 'breaker_block', 'mitigation_block', 'fake_breakout']",68.82
246,14312-long,2026-05-10T22:32:00,2026-05-10T22:41:00,long,81709.47,81868.58799088403,81868.58799088403,0.063041,1.300927967465107,1.300927967465107,stop_loss,"['trend_ema', 'structure', 'order_block', 'fvg', 'premium_discount', 'rsi', 'macd', 'adx', 'vwap', 'rvol', 'mtf_confirmation', 'breaker_block', 'mitigation_block']",70.88
247,14327-long,2026-05-10T22:47:00,2026-05-10T22:57:00,long,81913.24,82056.32810049207,82056.32810049207,0.075878,1.051438078211489,1.051438078211489,stop_loss,"['trend_ema', 'structure', 'order_block', 'fvg', 'premium_discount', 'rsi', 'macd', 'adx', 'vwap', 'mtf_confirmation', 'equal_high_low', 'inducement', 'breaker_block']",72.65
248,14342-long,2026-05-10T23:02:00,2026-05-10T23:29:00,long,82367.96,82201.99896197223,82201.99896197223,0.060255,-1.0,-1.0,stop_loss,"['trend_ema', 'structure', 'order_block', 'fvg', 'premium_discount', 'momentum_candle', 'rsi', 'macd', 'adx', 'vwap', 'rvol', 'mtf_confirmation', 'breaker_block', 'mitigation_block']",72.65
249,14376-long,2026-05-10T23:36:00,2026-05-10T23:50:00,long,82339.95,82242.416996371,82242.416996371,0.102529,-1.0,-1.0,stop_loss,"['trend_ema', 'structure', 'order_block', 'fvg', 'premium_discount', 'momentum_candle', 'rsi', 'macd', 'adx', 'vwap', 'rvol', 'mtf_confirmation', 'breaker_block', 'mitigation_block']",69.12
250,14478-long,2026-05-11T01:18:00,2026-05-11T01:27:00,long,81610.09,81656.68441895662,81656.68441895662,0.094893,0.6652891922353885,0.6652891922353885,stop_loss,"['trend_ema', 'structure', 'order_block', 'fvg', 'premium_discount', 'rsi', 'macd', 'adx', 'vwap', 'mtf_confirmation', 'breaker_block', 'mitigation_block', 'fake_breakout']",68.82
251,14580-short,2026-05-11T03:00:00,2026-05-11T03:04:00,short,81154.66,81154.66,81154.66,0.203671,0.4,0.4,stop_loss,"['trend_ema', 'structure', 'order_block', 'fvg', 'premium_discount', 'rsi', 'macd', 'adx', 'vwap', 'mtf_confirmation', 'breaker_block', 'mitigation_block']",30.29
252,14595-short,2026-05-11T03:15:00,2026-05-11T03:38:00,short,80643.65,80592.45973986028,80592.45973986028,0.109005,0.7347999633600764,0.7347999633600764,stop_loss,"['trend_ema', 'structure', 'order_block', 'fvg', 'premium_discount', 'rsi', 'macd', 'adx', 'vwap', 'rvol', 'mtf_confirmation', 'breaker_block', 'mitigation_block', 'fake_breakout']",29.41
253,14740-short,2026-05-11T05:40:00,2026-05-11T05:41:00,short,80864.21,80894.66347931033,80894.66347931033,0.32837,-1.0,-1.0,stop_loss,"['trend_ema', 'structure', 'order_block', 'fvg', 'rsi', 'macd', 'adx', 'vwap', 'volume_spike', 'rvol', 'mtf_confirmation', 'breaker_block', 'mitigation_block', 'institutional_zone']",24.12
254,14802-short,2026-05-11T06:42:00,2026-05-11T06:53:00,short,80803.13,80851.10244425046,80851.10244425046,0.208453,-1.0,-1.0,stop_loss,"['trend_ema', 'structure', 'order_block', 'fvg', 'premium_discount', 'momentum_candle', 'rsi', 'macd', 'vwap', 'rvol', 'mtf_confirmation', 'breaker_block', 'mitigation_block', 'institutional_zone']",27.35
255,14849-short,2026-05-11T07:29:00,2026-05-11T07:35:00,short,80737.9,80732.71687470748,80732.71687470748,0.22995,0.47151160221210575,0.47151160221210575,stop_loss,"['trend_ema', 'structure', 'order_block', 'fvg', 'premium_discount', 'rsi', 'macd', 'adx', 'vwap', 'mtf_confirmation', 'session_quality', 'breaker_block', 'mitigation_block']",31.18
256,14910-short,2026-05-11T08:30:00,2026-05-11T08:37:00,short,80692.16,80742.39407974087,80742.39407974087,0.199068,-1.0,-1.0,stop_loss,"['trend_ema', 'structure', 'order_block', 'fvg', 'premium_discount', 'rsi', 'macd', 'vwap', 'mtf_confirmation', 'session_quality', 'inducement', 'breaker_block', 'mitigation_block']",31.76
257,15019-long,2026-05-11T10:19:00,2026-05-11T10:30:00,long,81133.87,81152.53934248956,81152.53934248956,0.235821,0.6641571211141566,0.6641571211141566,stop_loss,"['trend_ema', 'structure', 'order_block', 'fvg', 'premium_discount', 'rsi', 'macd', 'adx', 'vwap', 'volume_spike', 'rvol', 'breaker_block', 'mitigation_block']",68.24
258,15055-short,2026-05-11T10:55:00,2026-05-11T11:00:00,short,81023.69,80971.92844099538,80971.92844099538,0.244843,1.3802038456868784,1.3802038456868784,stop_loss,"['trend_ema', 'structure', 'order_block', 'fvg', 'rsi', 'macd', 'vwap', 'rvol', 'breaker_block', 'mitigation_block', 'institutional_zone']",31.18
259,15091-long,2026-05-11T11:31:00,2026-05-11T11:51:00,long,81156.45,81117.04963711368,81117.04963711368,0.253805,-1.0,-1.0,stop_loss,"['trend_ema', 'structure', 'order_block', 'fvg', 'premium_discount', 'momentum_candle', 'rsi', 'macd', 'adx', 'vwap', 'mtf_confirmation', 'breaker_block', 'mitigation_block']",71.47
260,15120-long,2026-05-11T12:00:00,2026-05-11T12:03:00,long,81216.6,81182.12982899077,81182.12982899077,0.290106,-1.0,-1.0,stop_loss,"['trend_ema', 'structure', 'order_block', 'fvg', 'premium_discount', 'rsi', 'macd', 'vwap', 'rvol', 'mtf_confirmation', 'session_quality', 'breaker_block', 'mitigation_block']",69.12
261,15143-long,2026-05-11T12:23:00,2026-05-11T12:26:00,long,81215.48,81265.38680329296,81265.38680329296,0.19532,1.292433245331201,1.292433245331201,stop_loss,"['trend_ema', 'structure', 'order_block', 'fvg', 'premium_discount', 'momentum_candle', 'rsi', 'macd', 'vwap', 'rvol', 'mtf_confirmation', 'session_quality', 'breaker_block', 'mitigation_block']",69.71
262,15170-short,2026-05-11T12:50:00,2026-05-11T12:53:00,short,81100.0,81082.82892765077,81082.82892765077,0.17216,0.577370377122176,0.577370377122176,stop_loss,"['trend_ema', 'structure', 'order_block', 'fvg', 'momentum_candle', 'rsi', 'macd', 'adx', 'vwap', 'mtf_confirmation', 'session_quality', 'breaker_block', 'mitigation_block']",30.88
263,15186-long,2026-05-11T13:06:00,2026-05-11T13:19:00,long,81233.77,81281.37936848428,81281.37936848428,0.182515,0.9213643202898771,0.9213643202898771,stop_loss,"['trend_ema', 'structure', 'order_block', 'fvg', 'momentum_candle', 'rsi', 'macd', 'adx', 'vwap', 'mtf_confirmation', 'session_quality', 'breaker_block', 'mitigation_block']",69.71
264,15260-short,2026-05-11T14:20:00,2026-05-11T14:29:00,short,81010.8,80750.01,80818.95526961285,0.124869,1.9,1.9,tp3_full_close,"['trend_ema', 'structure', 'order_block', 'fvg', 'momentum_candle', 'rsi', 'macd', 'vwap', 'mtf_confirmation', 'session_quality', 'inducement', 'breaker_block', 'mitigation_block', 'institutional_zone']",29.41
265,15326-long,2026-05-11T15:26:00,2026-05-11T15:32:00,long,81227.25,81319.09536406661,81319.09536406661,0.11338,1.3124038164426028,1.3124038164426028,stop_loss,"['trend_ema', 'structure', 'order_block', 'fvg', 'premium_discount', 'momentum_candle', 'rsi', 'macd', 'vwap', 'volume_spike', 'rvol', 'breaker_block', 'mitigation_block']",68.53
266,15358-long,2026-05-11T15:58:00,2026-05-11T16:10:00,long,81414.07,81723.79,81656.12935659314,0.134442,1.9,1.9,tp3_full_close,"['trend_ema', 'structure', 'order_block', 'fvg', 'premium_discount', 'rsi', 'macd', 'adx', 'vwap', 'rvol', 'mtf_confirmation', 'breaker_block', 'mitigation_block', 'fake_breakout']",72.94
267,15373-long,2026-05-11T16:13:00,2026-05-11T16:16:00,long,81721.63,81721.63,81721.63,0.116697,0.4,0.4,stop_loss,"['trend_ema', 'structure', 'order_block', 'fvg', 'premium_discount', 'rsi', 'macd', 'adx', 'vwap', 'mtf_confirmation', 'breaker_block', 'mitigation_block']",69.71
268,15446-long,2026-05-11T17:26:00,2026-05-11T17:38:00,long,81621.14,81825.32,81772.59512757909,0.152574,1.9,1.9,tp3_full_close,"['trend_ema', 'structure', 'order_block', 'fvg', 'rsi', 'macd', 'vwap', 'mtf_confirmation', 'breaker_block', 'mitigation_block']",70.29
269,15461-long,2026-05-11T17:41:00,2026-05-11T17:47:00,long,81934.01,81972.88932196531,81972.88932196531,0.147154,1.1716369719991573,1.1716369719991573,stop_loss,"['trend_ema', 'structure', 'order_block', 'fvg', 'premium_discount', 'momentum_candle', 'rsi', 'macd', 'adx', 'vwap', 'volume_spike', 'rvol', 'mtf_confirmation', 'breaker_block', 'mitigation_block']",74.12
270,15487-long,2026-05-11T18:07:00,2026-05-11T18:11:00,long,82075.5,82017.37414632502,82017.37414632502,0.17204,-1.0,-1.0,stop_loss,"['trend_ema', 'structure', 'order_block', 'fvg', 'premium_discount', 'rsi', 'macd', 'adx', 'vwap', 'rvol', 'mtf_confirmation', 'breaker_block', 'mitigation_block']",69.71
271,15511-long,2026-05-11T18:31:00,2026-05-11T18:34:00,long,82102.24,82035.38917133355,82035.38917133355,0.149587,-1.0,-1.0,stop_loss,"['trend_ema', 'structure', 'order_block', 'fvg', 'premium_discount', 'rsi', 'macd', 'vwap', 'volume_spike', 'rvol', 'mtf_confirmation', 'breaker_block', 'mitigation_block']",69.71
272,15594-long,2026-05-11T19:54:00,2026-05-11T19:58:00,long,81940.98,81954.81407062859,81954.81407062859,0.185172,0.5537012191123093,0.5537012191123093,stop_loss,"['trend_ema', 'structure', 'order_block', 'fvg', 'macd', 'vwap', 'mtf_confirmation', 'breaker_block', 'mitigation_block']",69.71
273,15704-long,2026-05-11T21:44:00,2026-05-11T21:46:00,long,81740.12,81702.01608239124,81702.01608239124,0.26244,-1.0,-1.0,stop_loss,"['trend_ema', 'structure', 'order_block', 'fvg', 'premium_discount', 'rsi', 'macd', 'adx', 'vwap', 'mtf_confirmation', 'breaker_block', 'mitigation_block']",74.41
274,15723-long,2026-05-11T22:03:00,2026-05-11T22:08:00,long,81968.67,81913.89290311738,81913.89290311738,0.182558,-1.0,-1.0,stop_loss,"['trend_ema', 'structure', 'order_block', 'fvg', 'premium_discount', 'momentum_candle', 'rsi', 'macd', 'adx', 'vwap', 'volume_spike', 'rvol', 'mtf_confirmation', 'breaker_block', 'mitigation_block']",72.94
275,15768-long,2026-05-11T22:48:00,2026-05-11T22:53:00,long,81847.34,81893.08883715843,81893.08883715843,0.266292,1.3654761055961766,1.3654761055961766,stop_loss,"['trend_ema', 'structure', 'order_block', 'fvg', 'rsi', 'macd', 'vwap', 'mtf_confirmation', 'breaker_block', 'mitigation_block']",70.29
276,15816-long,2026-05-11T23:36:00,2026-05-11T23:44:00,long,81748.86,81794.55692602841,81794.55692602841,0.328018,1.4496825631964314,1.4496825631964314,stop_loss,"['trend_ema', 'structure', 'order_block', 'fvg', 'rsi', 'macd', 'vwap', 'mtf_confirmation', 'breaker_block', 'mitigation_block']",70.29
277,15919-short,2026-05-12T01:19:00,2026-05-12T01:24:00,short,81385.58,81337.37777097162,81337.37777097162,0.187302,1.2708519207287046,1.2708519207287046,stop_loss,"['trend_ema', 'structure', 'order_block', 'fvg', 'premium_discount', 'rsi', 'macd', 'adx', 'vwap', 'breaker_block', 'mitigation_block']",29.71
278,15934-short,2026-05-12T01:34:00,2026-05-12T01:36:00,short,81154.53,80991.91,81067.34657414383,0.135588,1.9,1.9,tp3_full_close,"['trend_ema', 'structure', 'order_block', 'fvg', 'premium_discount', 'momentum_candle', 'rsi', 'macd', 'adx', 'vwap', 'volume_spike', 'rvol', 'breaker_block', 'mitigation_block']",30.0
279,16041-short,2026-05-12T03:21:00,2026-05-12T03:24:00,short,81211.18,81191.36233653098,81191.36233653098,0.372831,0.843318105266244,0.843318105266244,stop_loss,"['trend_ema', 'structure', 'order_block', 'fvg', 'premium_discount', 'macd', 'vwap', 'mtf_confirmation', 'breaker_block', 'mitigation_block']",29.41
280,16066-short,2026-05-12T03:46:00,2026-05-12T03:48:00,short,81110.71,81110.71,81110.71,0.320821,0.4,0.4,stop_loss,"['trend_ema', 'structure', 'order_block', 'fvg', 'premium_discount', 'momentum_candle', 'rsi', 'macd', 'adx', 'vwap', 'mtf_confirmation', 'breaker_block', 'mitigation_block']",28.53
281,16081-short,2026-05-12T04:01:00,2026-05-12T04:05:00,short,81048.98,81048.98,81048.98,0.264915,0.4,0.4,stop_loss,"['trend_ema', 'structure', 'order_block', 'fvg', 'premium_discount', 'rsi', 'macd', 'adx', 'vwap', 'mtf_confirmation', 'breaker_block', 'mitigation_block', 'institutional_zone']",28.82
282,16153-short,2026-05-12T05:13:00,2026-05-12T05:15:00,short,81216.59,81239.96617948244,81239.96617948244,0.427786,-1.0,-1.0,stop_loss,"['trend_ema', 'structure', 'order_block', 'fvg', 'premium_discount', 'rsi', 'macd', 'vwap', 'mtf_confirmation', 'breaker_block', 'mitigation_block']",28.82
283,16200-short,2026-05-12T06:00:00,2026-05-12T06:01:00,short,81207.83,81235.70949980282,81235.70949980282,0.358686,-1.0,-1.0,stop_loss,"['trend_ema', 'structure', 'order_block', 'fvg', 'rsi', 'macd', 'vwap', 'mtf_confirmation', 'breaker_block', 'mitigation_block']",30.88
284,16229-short,2026-05-12T06:29:00,2026-05-12T06:33:00,short,81217.29,81132.15,81156.28120482869,0.462999,1.9,1.9,tp3_full_close,"['trend_ema', 'structure', 'order_block', 'fvg', 'premium_discount', 'rsi', 'macd', 'vwap', 'rvol', 'mtf_confirmation', 'breaker_block', 'mitigation_block']",30.59
285,16251-short,2026-05-12T06:51:00,2026-05-12T07:02:00,short,81037.55,80933.3,80961.88378109582,0.304896,1.9,1.9,tp3_full_close,"['trend_ema', 'structure', 'order_block', 'fvg', 'premium_discount', 'momentum_candle', 'rsi', 'macd', 'adx', 'vwap', 'mtf_confirmation', 'breaker_block', 'mitigation_block', 'institutional_zone']",27.06
286,16296-short,2026-05-12T07:36:00,2026-05-12T07:46:00,short,80996.86,80870.0,80905.14993373957,0.227592,1.9,1.9,tp3_full_close,"['trend_ema', 'structure', 'order_block', 'fvg', 'premium_discount', 'momentum_candle', 'rsi', 'macd', 'vwap', 'mtf_confirmation', 'session_quality', 'breaker_block', 'mitigation_block', 'institutional_zone']",29.41
287,16320-short,2026-05-12T08:00:00,2026-05-12T08:16:00,short,80905.49,80837.47804731283,80837.47804731283,0.18409,1.3756099948723675,1.3756099948723675,stop_loss,"['trend_ema', 'structure', 'order_block', 'fvg', 'premium_discount', 'rsi', 'macd', 'adx', 'vwap', 'rvol', 'mtf_confirmation', 'session_quality', 'breaker_block', 'mitigation_block', 'institutional_zone']",30.88
288,16380-short,2026-05-12T09:00:00,2026-05-12T09:03:00,short,80810.01,80844.41304986777,80844.41304986777,0.290672,-1.0,-1.0,stop_loss,"['trend_ema', 'structure', 'order_block', 'fvg', 'premium_discount', 'momentum_candle', 'rsi', 'macd', 'vwap', 'mtf_confirmation', 'session_quality', 'breaker_block', 'mitigation_block', 'institutional_zone']",30.59
289,16395-short,2026-05-12T09:15:00,2026-05-12T09:30:00,short,80787.64,80748.59870676164,80748.59870676164,0.23571,0.9521443456065796,0.9521443456065796,stop_loss,"['trend_ema', 'structure', 'order_block', 'fvg', 'premium_discount', 'rsi', 'macd', 'adx', 'vwap', 'mtf_confirmation', 'session_quality', 'breaker_block', 'mitigation_block', 'institutional_zone']",29.71
290,16434-short,2026-05-12T09:54:00,2026-05-12T10:06:00,short,80822.12,80812.58528062844,80812.58528062844,0.256466,0.5467199652285406,0.5467199652285406,stop_loss,"['trend_ema', 'structure', 'order_block', 'fvg', 'momentum_candle', 'rsi', 'macd', 'adx', 'vwap', 'mtf_confirmation', 'session_quality', 'breaker_block', 'mitigation_block', 'institutional_zone']",25.88
291,16463-short,2026-05-12T10:23:00,2026-05-12T10:28:00,short,80742.23,80723.91435428409,80723.91435428409,0.295518,0.7247558946035788,0.7247558946035788,stop_loss,"['trend_ema', 'structure', 'order_block', 'fvg', 'premium_discount', 'momentum_candle', 'rsi', 'macd', 'vwap', 'mtf_confirmation', 'breaker_block', 'mitigation_block']",30.0
292,16506-short,2026-05-12T11:06:00,2026-05-12T11:08:00,short,80567.01,80603.89281531595,80603.89281531595,0.271129,-1.0,-1.0,stop_loss,"['trend_ema', 'structure', 'order_block', 'fvg', 'premium_discount', 'rsi', 'macd', 'adx', 'vwap', 'mtf_confirmation', 'breaker_block', 'mitigation_block']",31.47
293,16634-short,2026-05-12T13:14:00,2026-05-12T13:25:00,short,80800.0,80639.51,80677.96517285993,0.212874,1.9,1.9,tp3_full_close,"['trend_ema', 'structure', 'order_block', 'fvg', 'momentum_candle', 'rsi', 'macd', 'vwap', 'mtf_confirmation', 'session_quality', 'breaker_block', 'mitigation_block', 'institutional_zone']",22.65
294,16741-short,2026-05-12T15:01:00,2026-05-12T15:06:00,short,80461.97,80551.22936067921,80551.22936067921,0.112033,-1.0,-1.0,stop_loss,"['trend_ema', 'structure', 'order_block', 'fvg', 'premium_discount', 'rsi', 'macd', 'adx', 'vwap', 'mtf_confirmation', 'breaker_block', 'mitigation_block']",31.47
295,16758-short,2026-05-12T15:18:00,2026-05-12T15:24:00,short,80511.29,80240.0,80317.98459914904,0.120546,1.9,1.9,tp3_full_close,"['trend_ema', 'structure', 'order_block', 'fvg', 'premium_discount', 'momentum_candle', 'rsi', 'macd', 'vwap', 'mtf_confirmation', 'breaker_block', 'mitigation_block']",30.0
296,16825-short,2026-05-12T16:25:00,2026-05-12T16:37:00,short,80256.01,80339.18752039483,80339.18752039483,0.120225,-1.0,-1.0,stop_loss,"['trend_ema', 'structure', 'order_block', 'fvg', 'premium_discount', 'rsi', 'macd', 'vwap', 'mtf_confirmation', 'breaker_block', 'mitigation_block']",31.76
297,16845-short,2026-05-12T16:45:00,2026-05-12T16:47:00,short,80125.41,79922.5,79993.75355303596,0.142336,1.9,1.9,tp3_full_close,"['trend_ema', 'structure', 'order_block', 'fvg', 'premium_discount', 'momentum_candle', 'rsi', 'macd', 'vwap', 'volume_spike', 'rvol', 'mtf_confirmation', 'breaker_block', 'mitigation_block']",27.35
298,16989-long,2026-05-12T19:09:00,2026-05-12T19:17:00,long,80782.01,80807.33975295586,80807.33975295586,0.239691,0.7642790719780459,0.7642790719780459,stop_loss,"['trend_ema', 'structure', 'order_block', 'fvg', 'premium_discount', 'rsi', 'macd', 'adx', 'vwap', 'rvol', 'breaker_block', 'mitigation_block', 'institutional_zone']",68.24
299,17031-long,2026-05-12T19:51:00,2026-05-12T19:54:00,long,80839.75,80804.4626820701,80804.4626820701,0.283388,-1.0,-1.0,stop_loss,"['trend_ema', 'structure', 'order_block', 'fvg', 'premium_discount', 'momentum_candle', 'rsi', 'macd', 'adx', 'vwap', 'breaker_block', 'mitigation_block', 'institutional_zone']",68.82
300,17132-short,2026-05-12T21:32:00,2026-05-12T21:34:00,short,80630.28,80568.61,80586.68649945801,0.526981,1.9,1.9,tp3_full_close,"['trend_ema', 'structure', 'order_block', 'fvg', 'premium_discount', 'momentum_candle', 'rsi', 'macd', 'vwap', 'rvol', 'mtf_confirmation', 'breaker_block', 'mitigation_block']",28.82
301,17149-short,2026-05-12T21:49:00,2026-05-12T21:50:00,short,80500.0,80537.54455271972,80537.54455271972,0.26635,-1.0,-1.0,stop_loss,"['trend_ema', 'structure', 'order_block', 'fvg', 'premium_discount', 'momentum_candle', 'rsi', 'macd', 'adx', 'vwap', 'mtf_confirmation', 'breaker_block', 'mitigation_block']",29.71
302,17227-short,2026-05-12T23:07:00,2026-05-12T23:11:00,short,80644.34,80670.72444531876,80670.72444531876,0.379011,-1.0,-1.0,stop_loss,"['trend_ema', 'structure', 'order_block', 'fvg', 'rsi', 'macd', 'vwap', 'breaker_block', 'mitigation_block', 'fake_breakout']",31.76
303,17254-short,2026-05-12T23:34:00,2026-05-12T23:39:00,short,80553.26,80522.61992624281,80522.61992624281,0.345306,1.317406224812924,1.317406224812924,stop_loss,"['trend_ema', 'structure', 'order_block', 'fvg', 'premium_discount', 'momentum_candle', 'rsi', 'macd', 'vwap', 'rvol', 'mtf_confirmation', 'breaker_block', 'mitigation_block']",28.82
304,17345-long,2026-05-13T01:05:00,2026-05-13T01:11:00,long,80804.0,80916.42,80868.74229032356,0.222355,1.9,1.9,tp3_full_close,"['trend_ema', 'structure', 'order_block', 'fvg', 'premium_discount', 'momentum_candle', 'rsi', 'macd', 'vwap', 'volume_spike', 'rvol', 'breaker_block', 'mitigation_block', 'institutional_zone']",70.0
305,17360-long,2026-05-13T01:20:00,2026-05-13T01:24:00,long,81092.53,81017.38495958391,81017.38495958391,0.133076,-1.0,-1.0,stop_loss,"['trend_ema', 'structure', 'order_block', 'fvg', 'premium_discount', 'momentum_candle', 'rsi', 'macd', 'adx', 'vwap', 'volume_spike', 'rvol', 'breaker_block', 'mitigation_block']",70.0
306,17416-long,2026-05-13T02:16:00,2026-05-13T02:18:00,long,81074.18,81032.88039720885,81032.88039720885,0.242133,-1.0,-1.0,stop_loss,"['trend_ema', 'structure', 'order_block', 'fvg', 'premium_discount', 'rsi', 'macd', 'vwap', 'mtf_confirmation', 'breaker_block', 'mitigation_block']",68.24
307,17467-long,2026-05-13T03:07:00,2026-05-13T03:08:00,long,81023.58,80994.8111701286,80994.8111701286,0.347598,-1.0,-1.0,stop_loss,"['trend_ema', 'structure', 'order_block', 'fvg', 'premium_discount', 'momentum_candle', 'rsi', 'macd', 'vwap', 'mtf_confirmation', 'breaker_block', 'mitigation_block', 'institutional_zone']",69.12
308,18876-short,2026-05-14T02:36:00,2026-05-14T02:41:00,short,79627.53,79550.0,79575.21235760415,0.405196,1.9,1.9,tp3_full_close,"['trend_ema', 'structure', 'order_block', 'fvg', 'premium_discount', 'macd', 'vwap', 'mtf_confirmation', 'inducement', 'breaker_block', 'mitigation_block']",30.88
309,18892-short,2026-05-14T02:52:00,2026-05-14T02:54:00,short,79272.17,79323.52911751371,79323.52911751371,0.194707,-1.0,-1.0,stop_loss,"['trend_ema', 'structure', 'order_block', 'fvg', 'premium_discount', 'momentum_candle', 'rsi', 'macd', 'adx', 'vwap', 'mtf_confirmation', 'breaker_block', 'mitigation_block']",29.71
310,18908-short,2026-05-14T03:08:00,2026-05-14T03:10:00,short,79181.9,79251.87874801653,79251.87874801653,0.142901,-1.0,-1.0,stop_loss,"['trend_ema', 'structure', 'order_block', 'fvg', 'premium_discount', 'momentum_candle', 'rsi', 'macd', 'adx', 'vwap', 'volume_spike', 'rvol', 'mtf_confirmation', 'breaker_block', 'mitigation_block']",31.76
311,18943-short,2026-05-14T03:43:00,2026-05-14T03:53:00,short,79211.58,79099.10711169476,79099.10711169476,0.136007,1.4589129932754992,1.4589129932754992,stop_loss,"['trend_ema', 'structure', 'order_block', 'fvg', 'rsi', 'macd', 'adx', 'vwap', 'mtf_confirmation', 'breaker_block', 'mitigation_block']",28.24
312,19053-long,2026-05-14T05:33:00,2026-05-14T05:51:00,long,79719.36,79902.19,79858.14943344542,0.190382,1.9,1.9,tp3_full_close,"['trend_ema', 'structure', 'order_block', 'fvg', 'premium_discount', 'momentum_candle', 'rsi', 'macd', 'adx', 'vwap', 'volume_spike', 'rvol', 'breaker_block', 'mitigation_block']",70.0
313,19167-long,2026-05-14T07:27:00,2026-05-14T07:29:00,long,79840.01,79803.21948384945,79803.21948384945,0.271809,-1.0,-1.0,stop_loss,"['trend_ema', 'structure', 'order_block', 'fvg', 'rsi', 'macd', 'adx', 'vwap', 'volume_spike', 'rvol', 'mtf_confirmation', 'session_quality', 'breaker_block', 'mitigation_block']",69.41
314,19232-long,2026-05-14T08:32:00,2026-05-14T08:40:00,long,79832.12,79908.45439387028,79908.45439387028,0.248284,1.5685772986987399,1.5685772986987399,stop_loss,"['trend_ema', 'structure', 'order_block', 'fvg', 'momentum_candle', 'rsi', 'macd', 'vwap', 'mtf_confirmation', 'session_quality', 'breaker_block', 'mitigation_block']",72.94
315,19358-short,2026-05-14T10:38:00,2026-05-14T10:41:00,short,79589.15,79445.13,79479.91502445444,0.284352,1.9,1.9,tp3_full_close,"['trend_ema', 'structure', 'order_block', 'fvg', 'premium_discount', 'rsi', 'macd', 'vwap', 'mtf_confirmation', 'breaker_block', 'mitigation_block']",31.76
316,19386-short,2026-05-14T11:06:00,2026-05-14T11:08:00,short,79500.02,79533.09727720109,79533.09727720109,0.302322,-1.0,-1.0,stop_loss,"['trend_ema', 'structure', 'order_block', 'fvg', 'premium_discount', 'momentum_candle', 'rsi', 'macd', 'vwap', 'mtf_confirmation', 'breaker_block', 'mitigation_block']",31.18
317,19402-short,2026-05-14T11:22:00,2026-05-14T11:28:00,short,79460.87,79319.04,79356.14192526648,0.266827,1.9,1.9,tp3_full_close,"['trend_ema', 'structure', 'order_block', 'fvg', 'premium_discount', 'momentum_candle', 'rsi', 'macd', 'vwap', 'rvol', 'mtf_confirmation', 'breaker_block', 'mitigation_block']",28.82
318,19458-short,2026-05-14T12:18:00,2026-05-14T12:20:00,short,79290.6,79335.78203113163,79335.78203113163,0.221327,-1.0,-1.0,stop_loss,"['trend_ema', 'structure', 'order_block', 'fvg', 'premium_discount', 'momentum_candle', 'rsi', 'macd', 'vwap', 'mtf_confirmation', 'session_quality', 'inducement', 'breaker_block', 'mitigation_block']",30.0
319,19474-long,2026-05-14T12:34:00,2026-05-14T12:36:00,long,79573.79,79584.35339237415,79584.35339237415,0.194371,0.5231927372357014,0.5231927372357014,stop_loss,"['trend_ema', 'structure', 'order_block', 'fvg', 'premium_discount', 'momentum_candle', 'rsi', 'macd', 'adx', 'vwap', 'volume_spike', 'rvol', 'mtf_confirmation', 'session_quality', 'breaker_block', 'mitigation_block']",71.47
320,19502-long,2026-05-14T13:02:00,2026-05-14T13:07:00,long,79812.0,79828.59825204915,79828.59825204915,0.205502,0.6046585825974593,0.6046585825974593,stop_loss,"['trend_ema', 'structure', 'order_block', 'fvg', 'premium_discount', 'momentum_candle', 'rsi', 'macd', 'adx', 'vwap', 'volume_spike', 'rvol', 'session_quality', 'breaker_block', 'mitigation_block']",72.06
321,19579-long,2026-05-14T14:19:00,2026-05-14T14:27:00,long,80228.01,80104.43839075629,80104.43839075629,0.080925,-1.0,-1.0,stop_loss,"['trend_ema', 'structure', 'order_block', 'fvg', 'premium_discount', 'momentum_candle', 'rsi', 'macd', 'adx', 'vwap', 'volume_spike', 'rvol', 'mtf_confirmation', 'session_quality', 'breaker_block', 'mitigation_block']",69.12
322,19598-long,2026-05-14T14:38:00,2026-05-14T14:48:00,long,80268.62,80637.82,80554.63015187683,0.106608,1.9,1.9,tp3_full_close,"['trend_ema', 'structure', 'order_block', 'fvg', 'premium_discount', 'rsi', 'macd', 'vwap', 'mtf_confirmation', 'session_quality', 'breaker_block', 'mitigation_block']",69.12
323,19613-long,2026-05-14T14:53:00,2026-05-14T15:00:00,long,80805.98,81102.0,80999.95464473058,0.089369,1.9,1.9,tp3_full_close,"['trend_ema', 'structure', 'order_block', 'fvg', 'premium_discount', 'rsi', 'macd', 'adx', 'vwap', 'mtf_confirmation', 'session_quality', 'breaker_block', 'mitigation_block', 'fake_breakout', 'institutional_zone']",74.12
324,19669-long,2026-05-14T15:49:00,2026-05-14T15:54:00,long,81084.29,81300.36,81238.50790495751,0.140409,1.9,1.9,tp3_full_close,"['trend_ema', 'structure', 'order_block', 'fvg', 'premium_discount', 'rsi', 'macd', 'vwap', 'rvol', 'mtf_confirmation', 'breaker_block', 'mitigation_block']",69.41
325,19693-long,2026-05-14T16:13:00,2026-05-14T16:17:00,long,81518.3,81419.88683447982,81419.88683447982,0.101612,-1.0,-1.0,stop_loss,"['trend_ema', 'structure', 'order_block', 'fvg', 'premium_discount', 'rsi', 'macd', 'adx', 'vwap', 'mtf_confirmation', 'breaker_block', 'mitigation_block']",69.71
326,19745-long,2026-05-14T17:05:00,2026-05-14T17:07:00,long,82042.76,81903.73672199839,81903.73672199839,0.07193,-1.0,-1.0,stop_loss,"['trend_ema', 'structure', 'order_block', 'fvg', 'premium_discount', 'rsi', 'macd', 'adx', 'vwap', 'mtf_confirmation', 'breaker_block', 'mitigation_block']",68.53
327,19786-long,2026-05-14T17:46:00,2026-05-14T18:00:00,long,81721.2,81616.115434135,81616.115434135,0.095161,-1.0,-1.0,stop_loss,"['trend_ema', 'structure', 'order_block', 'fvg', 'rsi', 'macd', 'vwap', 'mtf_confirmation', 'breaker_block', 'mitigation_block']",70.29
328,20162-long,2026-05-15T00:02:00,2026-05-15T00:07:00,long,81137.68,81278.0,81243.89191192809,0.263976,1.9,1.9,tp3_full_close,"['trend_ema', 'structure', 'order_block', 'fvg', 'premium_discount', 'momentum_candle', 'macd', 'adx', 'vwap', 'rvol', 'mtf_confirmation', 'breaker_block', 'mitigation_block']",70.88
329,20220-long,2026-05-15T01:00:00,2026-05-15T01:19:00,long,81566.87,81497.04500746659,81497.04500746659,0.143215,-1.0,-1.0,stop_loss,"['trend_ema', 'structure', 'order_block', 'fvg', 'premium_discount', 'rsi', 'macd', 'vwap', 'mtf_confirmation', 'inducement', 'breaker_block', 'mitigation_block']",70.29
330,20283-short,2026-05-15T02:03:00,2026-05-15T02:16:00,short,81129.97,80999.40914387767,80999.40914387767,0.111086,1.435104064837707,1.435104064837707,stop_loss,"['trend_ema', 'structure', 'order_block', 'fvg', 'premium_discount', 'rsi', 'macd', 'adx', 'vwap', 'breaker_block', 'mitigation_block']",29.71
331,20312-short,2026-05-15T02:32:00,2026-05-15T02:35:00,short,80797.99,80875.28646929446,80875.28646929446,0.129372,-1.0,-1.0,stop_loss,"['trend_ema', 'structure', 'order_block', 'fvg', 'premium_discount', 'momentum_candle', 'rsi', 'macd', 'adx', 'vwap', 'volume_spike', 'rvol', 'breaker_block', 'mitigation_block', 'institutional_zone']",29.71
332,20333-long,2026-05-15T02:53:00,2026-05-15T03:04:00,long,81332.01,81233.21937456816,81233.21937456816,0.101224,-1.0,-1.0,stop_loss,"['trend_ema', 'structure', 'order_block', 'fvg', 'rsi', 'macd', 'adx', 'vwap', 'rvol', 'breaker_block', 'mitigation_block']",68.82
333,20380-short,2026-05-15T03:40:00,2026-05-15T03:57:00,short,81003.42,81078.58356007059,81078.58356007059,0.133043,-1.0,-1.0,stop_loss,"['trend_ema', 'structure', 'order_block', 'fvg', 'rsi', 'macd', 'adx', 'vwap', 'mtf_confirmation', 'breaker_block', 'mitigation_block', 'institutional_zone']",30.29
334,21646-short,2026-05-16T00:46:00,2026-05-16T00:51:00,short,79154.0,79119.93,79136.59791313068,0.511737,1.9,1.9,tp3_full_close,"['trend_ema', 'structure', 'order_block', 'fvg', 'rsi', 'macd', 'vwap', 'mtf_confirmation', 'breaker_block', 'mitigation_block']",29.71
335,21685-short,2026-05-16T01:25:00,2026-05-16T01:28:00,short,79100.01,79045.5,79064.73316292776,0.470868,1.9,1.9,tp3_full_close,"['trend_ema', 'structure', 'order_block', 'fvg', 'premium_discount', 'rsi', 'macd', 'vwap', 'mtf_confirmation', 'breaker_block', 'mitigation_block']",31.76
336,21751-short,2026-05-16T02:31:00,2026-05-16T02:34:00,short,79103.79,79132.03713214336,79132.03713214336,0.354018,-1.0,-1.0,stop_loss,"['trend_ema', 'structure', 'order_block', 'fvg', 'rsi', 'macd', 'adx', 'vwap', 'mtf_confirmation', 'breaker_block', 'mitigation_block']",28.24
337,21822-short,2026-05-16T03:42:00,2026-05-16T03:45:00,short,79101.42,79092.98800995156,79092.98800995156,0.536386,0.6713679686297349,0.6713679686297349,stop_loss,"['trend_ema', 'structure', 'order_block', 'fvg', 'premium_discount', 'momentum_candle', 'rsi', 'macd', 'adx', 'vwap', 'rvol', 'mtf_confirmation', 'breaker_block', 'mitigation_block']",27.35
338,21850-short,2026-05-16T04:10:00,2026-05-16T04:33:00,short,79067.45,78946.41,78973.4951238806,0.315509,1.9,1.9,tp3_full_close,"['trend_ema', 'structure', 'order_block', 'fvg', 'premium_discount', 'momentum_candle', 'rsi', 'macd', 'adx', 'vwap', 'rvol', 'mtf_confirmation', 'inducement', 'breaker_block', 'mitigation_block']",31.18
339,21932-short,2026-05-16T05:32:00,2026-05-16T05:38:00,short,78992.43,78940.96,78951.24953336745,0.874958,1.9,1.9,tp3_full_close,"['trend_ema', 'structure', 'order_block', 'fvg', 'momentum_candle', 'rsi', 'macd', 'vwap', 'rvol', 'mtf_confirmation', 'breaker_block', 'mitigation_block']",27.94
340,21948-short,2026-05-16T05:48:00,2026-05-16T05:59:00,short,79000.24,78984.68339772797,78984.68339772797,0.472834,0.8413413229976139,0.8413413229976139,stop_loss,"['trend_ema', 'structure', 'order_block', 'fvg', 'momentum_candle', 'macd', 'vwap', 'rvol', 'mtf_confirmation', 'inducement', 'breaker_block', 'mitigation_block']",30.0
341,21974-short,2026-05-16T06:14:00,2026-05-16T06:21:00,short,78936.65,78824.4,78848.11652169244,0.395093,1.9,1.9,tp3_full_close,"['trend_ema', 'structure', 'order_block', 'fvg', 'premium_discount', 'rsi', 'macd', 'adx', 'vwap', 'rvol', 'mtf_confirmation', 'breaker_block', 'mitigation_block']",31.47
342,22001-short,2026-05-16T06:41:00,2026-05-16T06:45:00,short,78768.17,78764.43282284554,78764.43282284554,0.277592,0.4622447321556062,0.4622447321556062,stop_loss,"['trend_ema', 'structure', 'order_block', 'fvg', 'premium_discount', 'smart_money_entry', 'momentum_candle', 'rsi', 'macd', 'adx', 'vwap', 'volume_spike', 'rvol', 'mtf_confirmation', 'breaker_block', 'mitigation_block']",30.29
343,22019-short,2026-05-16T06:59:00,2026-05-16T07:09:00,short,78648.0,78456.0,78501.96436561183,0.187621,1.9,1.9,tp3_full_close,"['trend_ema', 'structure', 'order_block', 'fvg', 'rsi', 'macd', 'adx', 'vwap', 'mtf_confirmation', 'breaker_block', 'mitigation_block']",31.76
344,22128-short,2026-05-16T08:48:00,2026-05-16T08:59:00,short,78390.01,78426.02736411766,78426.02736411766,0.277644,-1.0,-1.0,stop_loss,"['trend_ema', 'structure', 'order_block', 'fvg', 'momentum_candle', 'rsi', 'macd', 'vwap', 'mtf_confirmation', 'session_quality', 'breaker_block', 'mitigation_block']",28.82
345,22197-short,2026-05-16T09:57:00,2026-05-16T10:08:00,short,78081.37,77900.0,77954.9543643051,0.177594,1.9,1.9,tp3_full_close,"['trend_ema', 'structure', 'order_block', 'fvg', 'premium_discount', 'rsi', 'macd', 'adx', 'vwap', 'mtf_confirmation', 'session_quality', 'breaker_block', 'mitigation_block']",31.18
346,22311-short,2026-05-16T11:51:00,2026-05-16T12:02:00,short,78087.91,78055.19083120028,78055.19083120028,0.497262,1.4880997583792404,1.4880997583792404,stop_loss,"['trend_ema', 'structure', 'order_block', 'fvg', 'premium_discount', 'momentum_candle', 'rsi', 'macd', 'adx', 'vwap', 'mtf_confirmation', 'breaker_block', 'mitigation_block']",28.53
347,22331-short,2026-05-16T12:11:00,2026-05-16T12:17:00,short,78071.2,78015.59,78034.07334703911,0.541947,1.9,1.9,tp3_full_close,"['trend_ema', 'structure', 'order_block', 'fvg', 'premium_discount', 'rsi', 'macd', 'vwap', 'mtf_confirmation', 'session_quality', 'breaker_block', 'mitigation_block']",30.88
348,22346-short,2026-05-16T12:26:00,2026-05-16T12:29:00,short,77988.0,77951.36695240016,77951.36695240016,0.349884,1.3845190349774983,1.3845190349774983,stop_loss,"['trend_ema', 'structure', 'order_block', 'fvg', 'premium_discount', 'rsi', 'macd', 'adx', 'vwap', 'mtf_confirmation', 'session_quality', 'breaker_block', 'mitigation_block']",30.59
349,22393-short,2026-05-16T13:13:00,2026-05-16T13:19:00,short,77898.1,77898.1,77898.1,0.317723,0.4,0.4,stop_loss,"['trend_ema', 'structure', 'order_block', 'fvg', 'premium_discount', 'momentum_candle', 'rsi', 'macd', 'adx', 'vwap', 'rvol', 'mtf_confirmation', 'session_quality', 'breaker_block', 'mitigation_block']",29.41
350,22449-short,2026-05-16T14:09:00,2026-05-16T14:21:00,short,77935.41,77935.41,77935.41,0.339667,0.4,0.4,stop_loss,"['trend_ema', 'structure', 'order_block', 'fvg', 'macd', 'vwap', 'mtf_confirmation', 'session_quality', 'inducement', 'breaker_block', 'mitigation_block']",30.29
351,22595-short,2026-05-16T16:35:00,2026-05-16T16:38:00,short,78266.88,78266.88,78266.88,0.290268,0.4,0.4,stop_loss,"['trend_ema', 'structure', 'order_block', 'fvg', 'momentum_candle', 'macd', 'vwap', 'mtf_confirmation', 'breaker_block', 'mitigation_block']",30.88
352,22666-short,2026-05-16T17:46:00,2026-05-16T17:47:00,short,78245.73,78266.13495883379,78266.13495883379,0.490077,-1.0,-1.0,stop_loss,"['trend_ema', 'structure', 'order_block', 'fvg', 'rsi', 'macd', 'vwap', 'mtf_confirmation', 'breaker_block', 'mitigation_block']",30.88
353,22691-short,2026-05-16T18:11:00,2026-05-16T18:16:00,short,78192.75,78216.79719448929,78216.79719448929,0.415849,-1.0,-1.0,stop_loss,"['trend_ema', 'structure', 'order_block', 'fvg', 'momentum_candle', 'rsi', 'macd', 'adx', 'vwap', 'mtf_confirmation', 'breaker_block', 'mitigation_block']",29.41
354,22815-long,2026-05-16T20:15:00,2026-05-16T20:18:00,long,78316.65,78300.35075888706,78300.35075888706,0.613525,-1.0,-1.0,stop_loss,"['trend_ema', 'structure', 'order_block', 'fvg', 'premium_discount', 'momentum_candle', 'rsi', 'macd', 'adx', 'vwap', 'volume_spike', 'rvol', 'breaker_block', 'mitigation_block']",68.82
355,23066-short,2026-05-17T00:26:00,2026-05-17T00:29:00,short,78145.2,78167.56216188335,78167.56216188335,0.447184,-1.0,-1.0,stop_loss,"['trend_ema', 'structure', 'order_block', 'fvg', 'premium_discount', 'momentum_candle', 'rsi', 'macd', 'vwap', 'volume_spike', 'rvol', 'mtf_confirmation', 'inducement', 'breaker_block', 'mitigation_block']",31.18
356,23082-short,2026-05-17T00:42:00,2026-05-17T00:46:00,short,78170.01,78110.45,78132.41371127393,0.450086,1.9,1.9,tp3_full_close,"['trend_ema', 'structure', 'order_block', 'fvg', 'momentum_candle', 'rsi', 'macd', 'vwap', 'mtf_confirmation', 'breaker_block', 'mitigation_block']",27.94
357,23097-short,2026-05-17T00:57:00,2026-05-17T00:59:00,short,77970.39,77919.06819335547,77919.06819335547,0.301755,1.4645980219670551,1.4645980219670551,stop_loss,"['trend_ema', 'structure', 'order_block', 'fvg', 'premium_discount', 'momentum_candle', 'rsi', 'macd', 'adx', 'vwap', 'volume_spike', 'rvol', 'mtf_confirmation', 'breaker_block', 'mitigation_block']",25.88
358,23123-short,2026-05-17T01:23:00,2026-05-17T01:28:00,short,78000.76,78000.76,78000.76,0.217667,0.4,0.4,stop_loss,"['trend_ema', 'structure', 'order_block', 'fvg', 'rsi', 'macd', 'vwap', 'mtf_confirmation', 'breaker_block', 'mitigation_block']",29.71
359,23140-short,2026-05-17T01:40:00,2026-05-17T01:46:00,short,77856.69,77799.52540100287,77799.52540100287,0.176496,1.3026792938600038,1.3026792938600038,stop_loss,"['trend_ema', 'structure', 'order_block', 'fvg', 'premium_discount', 'momentum_candle', 'rsi', 'macd', 'adx', 'vwap', 'volume_spike', 'rvol', 'mtf_confirmation', 'breaker_block', 'mitigation_block']",30.59
360,23212-short,2026-05-17T02:52:00,2026-05-17T02:54:00,short,77856.69,77883.51726706693,77883.51726706693,0.372755,-1.0,-1.0,stop_loss,"['trend_ema', 'structure', 'order_block', 'fvg', 'momentum_candle', 'rsi', 'macd', 'vwap', 'rvol', 'mtf_confirmation', 'breaker_block', 'mitigation_block']",27.94
361,23420-short,2026-05-17T06:20:00,2026-05-17T06:25:00,short,78112.75,78059.79,78078.64811776913,0.496569,1.9,1.9,tp3_full_close,"['trend_ema', 'structure', 'order_block', 'fvg', 'premium_discount', 'momentum_candle', 'rsi', 'macd', 'vwap', 'rvol', 'breaker_block', 'mitigation_block']",30.59
362,23491-long,2026-05-17T07:31:00,2026-05-17T07:37:00,long,78171.03,78189.02228084803,78189.02228084803,0.517085,0.9582118209906546,0.9582118209906546,stop_loss,"['trend_ema', 'structure', 'order_block', 'fvg', 'premium_discount', 'momentum_candle', 'rsi', 'macd', 'adx', 'vwap', 'rvol', 'session_quality', 'breaker_block', 'mitigation_block']",68.24
363,23631-long,2026-05-17T09:51:00,2026-05-17T09:54:00,long,78171.03,78224.99,78211.00948111631,0.734768,1.9,1.9,tp3_full_close,"['trend_ema', 'structure', 'order_block', 'fvg', 'premium_discount', 'momentum_candle', 'rsi', 'macd', 'adx', 'vwap', 'session_quality', 'breaker_block', 'mitigation_block']",68.24
364,23646-long,2026-05-17T10:06:00,2026-05-17T10:11:00,long,78309.06,78418.51,78386.83554156126,0.294294,1.9,1.9,tp3_full_close,"['trend_ema', 'structure', 'order_block', 'fvg', 'premium_discount', 'rsi', 'macd', 'adx', 'vwap', 'mtf_confirmation', 'breaker_block', 'mitigation_block']",69.71
365,23667-long,2026-05-17T10:27:00,2026-05-17T10:29:00,long,78553.18,78553.18,78553.18,0.214869,0.4,0.4,stop_loss,"['trend_ema', 'structure', 'order_block', 'fvg', 'premium_discount', 'momentum_candle', 'rsi', 'macd', 'adx', 'vwap', 'mtf_confirmation', 'breaker_block', 'mitigation_block']",70.29
366,23741-long,2026-05-17T11:41:00,2026-05-17T11:47:00,long,78413.71,78436.94152224666,78436.94152224666,0.278709,0.788490676405708,0.788490676405708,stop_loss,"['trend_ema', 'structure', 'order_block', 'fvg', 'rsi', 'macd', 'vwap', 'mtf_confirmation', 'breaker_block', 'mitigation_block']",70.29
367,23771-long,2026-05-17T12:11:00,2026-05-17T12:14:00,long,78443.41,78417.26784395534,78417.26784395534,0.382524,-1.0,-1.0,stop_loss,"['trend_ema', 'structure', 'order_block', 'fvg', 'momentum_candle', 'rsi', 'macd', 'vwap', 'mtf_confirmation', 'session_quality', 'inducement', 'breaker_block', 'mitigation_block']",69.71
368,23791-long,2026-05-17T12:31:00,2026-05-17T12:36:00,long,78437.96,78531.21,78507.44194830507,0.439855,1.9,1.9,tp3_full_close,"['trend_ema', 'structure', 'order_block', 'fvg', 'premium_discount', 'rsi', 'macd', 'vwap', 'mtf_confirmation', 'session_quality', 'breaker_block', 'mitigation_block']",69.12
369,23890-short,2026-05-17T14:10:00,2026-05-17T14:16:00,short,78098.01,77940.0,77985.18283588902,0.214722,1.9,1.9,tp3_full_close,"['trend_ema', 'structure', 'order_block', 'fvg', 'premium_discount', 'rsi', 'macd', 'adx', 'vwap', 'mtf_confirmation', 'session_quality', 'breaker_block', 'mitigation_block']",31.18
370,23956-short,2026-05-17T15:16:00,2026-05-17T15:18:00,short,77985.39,77979.59870816638,77979.59870816638,0.270168,0.4938772427414337,0.4938772427414337,stop_loss,"['trend_ema', 'structure', 'order_block', 'fvg', 'premium_discount', 'momentum_candle', 'rsi', 'macd', 'vwap', 'volume_spike', 'rvol', 'mtf_confirmation', 'breaker_block', 'mitigation_block']",28.53
371,24050-short,2026-05-17T16:50:00,2026-05-17T16:52:00,short,78054.84,78080.08300765778,78080.08300765778,0.396149,-1.0,-1.0,stop_loss,"['trend_ema', 'structure', 'order_block', 'fvg', 'momentum_candle', 'rsi', 'macd', 'adx', 'vwap', 'rvol', 'mtf_confirmation', 'breaker_block', 'mitigation_block']",26.47
372,24073-short,2026-05-17T17:13:00,2026-05-17T17:15:00,short,77895.34,77936.07705143142,77936.07705143142,0.245477,-1.0,-1.0,stop_loss,"['trend_ema', 'structure', 'order_block', 'fvg', 'premium_discount', 'rsi', 'macd', 'adx', 'vwap', 'rvol', 'mtf_confirmation', 'breaker_block', 'mitigation_block']",30.29
373,24141-short,2026-05-17T18:21:00,2026-05-17T18:24:00,short,78015.35,78051.32508083018,78051.32508083018,0.27797,-1.0,-1.0,stop_loss,"['trend_ema', 'structure', 'order_block', 'fvg', 'rsi', 'macd', 'adx', 'vwap', 'rvol', 'mtf_confirmation', 'breaker_block', 'mitigation_block']",28.24
374,24481-short,2026-05-18T00:01:00,2026-05-18T00:11:00,short,77311.68,77060.24024375735,77060.24024375735,0.066401,1.5008773801958843,1.5008773801958843,stop_loss,"['trend_ema', 'structure', 'order_block', 'fvg', 'rsi', 'macd', 'adx', 'vwap', 'mtf_confirmation', 'mitigation_block']",29.41
375,24510-short,2026-05-18T00:30:00,2026-05-18T00:35:00,short,77120.0,77120.0,77120.0,0.087479,0.4,0.4,stop_loss,"['trend_ema', 'structure', 'order_block', 'fvg', 'rsi', 'macd', 'adx', 'vwap', 'rvol', 'mtf_confirmation', 'mitigation_block']",28.24
376,24531-short,2026-05-18T00:51:00,2026-05-18T00:56:00,short,76996.0,77109.71786625526,77109.71786625526,0.087937,-1.0,-1.0,stop_loss,"['trend_ema', 'structure', 'order_block', 'fvg', 'premium_discount', 'momentum_candle', 'rsi', 'macd', 'adx', 'vwap', 'mtf_confirmation', 'breaker_block', 'mitigation_block']",29.71
377,24558-short,2026-05-18T01:18:00,2026-05-18T01:22:00,short,76991.92,76991.92,76991.92,0.094092,0.4,0.4,stop_loss,"['trend_ema', 'structure', 'order_block', 'fvg', 'premium_discount', 'rsi', 'macd', 'vwap', 'mtf_confirmation', 'breaker_block', 'mitigation_block']",31.76
378,24573-short,2026-05-18T01:33:00,2026-05-18T01:35:00,short,76890.0,76882.83349989438,76882.83349989438,0.096054,0.44130223345741404,0.44130223345741404,stop_loss,"['trend_ema', 'structure', 'order_block', 'fvg', 'premium_discount', 'rsi', 'macd', 'vwap', 'mtf_confirmation', 'breaker_block', 'mitigation_block', 'fake_breakout']",29.71
379,24629-short,2026-05-18T02:29:00,2026-05-18T02:39:00,short,77039.18,76885.21,76919.93062350464,0.166677,1.9,1.9,tp3_full_close,"['trend_ema', 'structure', 'order_block', 'fvg', 'macd', 'vwap', 'mtf_confirmation', 'breaker_block', 'mitigation_block']",26.76
380,24644-short,2026-05-18T02:44:00,2026-05-18T02:47:00,short,76874.64,76931.66869395699,76931.66869395699,0.17535,-1.0,-1.0,stop_loss,"['trend_ema', 'structure', 'order_block', 'fvg', 'premium_discount', 'liquidity_sweep', 'smart_money_entry', 'rsi', 'macd', 'adx', 'vwap', 'mtf_confirmation', 'breaker_block', 'mitigation_block']",30.88
381,24676-short,2026-05-18T03:16:00,2026-05-18T03:24:00,short,76898.8,76953.05687928073,76953.05687928073,0.184308,-1.0,-1.0,stop_loss,"['trend_ema', 'structure', 'order_block', 'fvg', 'macd', 'adx', 'vwap', 'mtf_confirmation', 'breaker_block', 'mitigation_block']",30.0
382,24715-short,2026-05-18T03:55:00,2026-05-18T04:01:00,short,76912.68,76963.67707938259,76963.67707938259,0.19609,-1.0,-1.0,stop_loss,"['trend_ema', 'structure', 'order_block', 'fvg', 'macd', 'vwap', 'mtf_confirmation', 'inducement', 'breaker_block', 'mitigation_block']",28.82
383,25928-long,2026-05-19T00:08:00,2026-05-19T00:15:00,long,77064.57,77111.48032269081,77111.48032269081,0.220378,1.3101398544299976,1.3101398544299976,stop_loss,"['trend_ema', 'structure', 'order_block', 'fvg', 'rsi', 'macd', 'vwap', 'mtf_confirmation', 'breaker_block', 'mitigation_block']",70.29
384,25987-short,2026-05-19T01:07:00,2026-05-19T01:21:00,short,77103.99,76919.8,76970.42916746241,0.172763,1.9,1.9,tp3_full_close,"['trend_ema', 'structure', 'order_block', 'fvg', 'momentum_candle', 'rsi', 'macd', 'vwap', 'breaker_block', 'mitigation_block']",30.88
385,26005-short,2026-05-19T01:25:00,2026-05-19T01:26:00,short,76870.29,76735.29,76796.63108622638,0.165103,1.9,1.9,tp3_full_close,"['trend_ema', 'structure', 'order_block', 'fvg', 'premium_discount', 'rsi', 'macd', 'adx', 'vwap', 'breaker_block', 'mitigation_block']",29.71
386,26039-short,2026-05-19T01:59:00,2026-05-19T02:01:00,short,76667.01,76721.5413369153,76721.5413369153,0.183381,-1.0,-1.0,stop_loss,"['trend_ema', 'structure', 'order_block', 'fvg', 'premium_discount', 'momentum_candle', 'rsi', 'macd', 'adx', 'vwap', 'mtf_confirmation', 'breaker_block', 'mitigation_block']",28.53
387,26077-short,2026-05-19T02:37:00,2026-05-19T03:02:00,short,76778.37,76612.56,76630.9070458599,0.156613,1.9,1.9,tp3_full_close,"['trend_ema', 'structure', 'order_block', 'fvg', 'macd', 'vwap', 'mtf_confirmation', 'breaker_block', 'mitigation_block']",31.47
388,26159-short,2026-05-19T03:59:00,2026-05-19T04:01:00,short,76787.11,76775.3308481808,76775.3308481808,0.335376,0.6370265626932377,0.6370265626932377,stop_loss,"['trend_ema', 'structure', 'order_block', 'fvg', 'macd', 'vwap', 'mtf_confirmation', 'breaker_block', 'mitigation_block']",26.76
389,26234-short,2026-05-19T05:14:00,2026-05-19T05:19:00,short,76859.85,76760.0,76787.6405440458,0.315841,1.9,1.9,tp3_full_close,"['trend_ema', 'structure', 'order_block', 'fvg', 'momentum_candle', 'rsi', 'macd', 'vwap', 'volume_spike', 'rvol', 'mtf_confirmation', 'breaker_block', 'mitigation_block']",31.18
390,26255-long,2026-05-19T05:35:00,2026-05-19T05:42:00,long,76837.89,76975.11,76936.27671100816,0.209527,1.9,1.9,tp3_full_close,"['trend_ema', 'structure', 'order_block', 'fvg', 'rsi', 'macd', 'adx', 'vwap', 'breaker_block', 'mitigation_block']",70.0
391,26285-long,2026-05-19T06:05:00,2026-05-19T06:11:00,long,76960.0,76960.0,76960.0,0.254843,0.4,0.4,stop_loss,"['trend_ema', 'structure', 'order_block', 'fvg', 'premium_discount', 'rsi', 'macd', 'vwap', 'mtf_confirmation', 'breaker_block', 'mitigation_block']",68.24
392,26302-long,2026-05-19T06:22:00,2026-05-19T06:35:00,long,77006.71,77017.82348754577,77017.82348754577,0.249292,0.5662302340927261,0.5662302340927261,stop_loss,"['trend_ema', 'structure', 'order_block', 'fvg', 'premium_discount', 'rsi', 'macd', 'vwap', 'mtf_confirmation', 'breaker_block', 'mitigation_block', 'fake_breakout']",70.29
393,26324-long,2026-05-19T06:44:00,2026-05-19T06:46:00,long,77085.65,77041.32983134901,77041.32983134901,0.225631,-1.0,-1.0,stop_loss,"['trend_ema', 'structure', 'order_block', 'fvg', 'premium_discount', 'rsi', 'macd', 'vwap', 'rvol', 'mtf_confirmation', 'breaker_block', 'mitigation_block']",69.41
394,26349-long,2026-05-19T07:09:00,2026-05-19T07:11:00,long,77081.42,77044.53756374678,77044.53756374678,0.271132,-1.0,-1.0,stop_loss,"['trend_ema', 'structure', 'order_block', 'fvg', 'premium_discount', 'rsi', 'macd', 'vwap', 'volume_spike', 'rvol', 'mtf_confirmation', 'session_quality', 'breaker_block', 'mitigation_block', 'fake_breakout']",69.12
395,26367-long,2026-05-19T07:27:00,2026-05-19T07:39:00,long,77148.83,77182.77458159138,77182.77458159138,0.210525,0.8287706413745277,0.8287706413745277,stop_loss,"['trend_ema', 'structure', 'order_block', 'fvg', 'momentum_candle', 'macd', 'adx', 'vwap', 'rvol', 'mtf_confirmation', 'session_quality', 'breaker_block', 'mitigation_block']",70.29
396,26382-long,2026-05-19T07:42:00,2026-05-19T07:50:00,long,77237.69,77237.69,77237.69,0.253921,0.4,0.4,stop_loss,"['trend_ema', 'structure', 'order_block', 'fvg', 'premium_discount', 'momentum_candle', 'rsi', 'macd', 'adx', 'vwap', 'mtf_confirmation', 'session_quality', 'breaker_block', 'mitigation_block']",72.35
397,26439-long,2026-05-19T08:39:00,2026-05-19T08:42:00,long,77137.99,77310.52,77267.28248466195,0.230259,1.9,1.9,tp3_full_close,"['trend_ema', 'structure', 'order_block', 'fvg', 'rsi', 'macd', 'vwap', 'mtf_confirmation', 'session_quality', 'breaker_block', 'mitigation_block']",71.18
398,26601-short,2026-05-19T11:21:00,2026-05-19T11:44:00,short,76880.01,76666.96,76701.05145695752,0.194726,1.9,1.9,tp3_full_close,"['trend_ema', 'structure', 'order_block', 'fvg', 'rsi', 'macd', 'adx', 'vwap', 'mtf_confirmation', 'breaker_block', 'mitigation_block']",28.24
399,26707-short,2026-05-19T13:07:00,2026-05-19T13:09:00,short,76800.06,76847.34986626636,76847.34986626636,0.211462,-1.0,-1.0,stop_loss,"['trend_ema', 'structure', 'order_block', 'fvg', 'rsi', 'macd', 'adx', 'vwap', 'volume_spike', 'rvol', 'mtf_confirmation', 'session_quality', 'breaker_block', 'mitigation_block']",27.65
400,26722-short,2026-05-19T13:22:00,2026-05-19T13:30:00,short,76774.52,76655.31894731784,76655.31894731784,0.158599,1.5671561051851,1.5671561051851,stop_loss,"['trend_ema', 'structure', 'order_block', 'fvg', 'rsi', 'macd', 'adx', 'vwap', 'mtf_confirmation', 'session_quality', 'inducement', 'breaker_block', 'mitigation_block']",22.35
401,26779-short,2026-05-19T14:19:00,2026-05-19T14:23:00,short,76474.28,76402.77631986662,76402.77631986662,0.089109,0.7822960407100237,0.7822960407100237,stop_loss,"['trend_ema', 'structure', 'order_block', 'fvg', 'premium_discount', 'rsi', 'macd', 'vwap', 'rvol', 'mtf_confirmation', 'session_quality', 'breaker_block', 'mitigation_block']",31.47
402,26794-short,2026-05-19T14:34:00,2026-05-19T14:37:00,short,76271.04,76382.92399374682,76382.92399374682,0.089378,-1.0,-1.0,stop_loss,"['trend_ema', 'structure', 'order_block', 'fvg', 'premium_discount', 'momentum_candle', 'rsi', 'macd', 'adx', 'vwap', 'volume_spike', 'rvol', 'mtf_confirmation', 'session_quality', 'breaker_block', 'mitigation_block']",31.47
403,26845-short,2026-05-19T15:25:00,2026-05-19T15:30:00,short,76424.23,76503.55742001576,76503.55742001576,0.12606,-1.0,-1.0,stop_loss,"['trend_ema', 'structure', 'order_block', 'fvg', 'rsi', 'macd', 'vwap', 'volume_spike', 'rvol', 'mtf_confirmation', 'breaker_block', 'mitigation_block']",28.24
404,26890-short,2026-05-19T16:10:00,2026-05-19T16:19:00,short,76460.2,76528.355168278,76528.355168278,0.146724,-1.0,-1.0,stop_loss,"['trend_ema', 'structure', 'order_block', 'fvg', 'rsi', 'macd', 'vwap', 'mtf_confirmation', 'breaker_block', 'mitigation_block']",30.88
405,27360-short,2026-05-20T00:00:00,2026-05-20T00:01:00,short,76814.0,76840.15136575652,76840.15136575652,0.382389,-1.0,-1.0,stop_loss,"['trend_ema', 'structure', 'order_block', 'fvg', 'momentum_candle', 'rsi', 'macd', 'adx', 'vwap', 'rvol', 'mtf_confirmation', 'breaker_block', 'mitigation_block']",30.59
406,27377-short,2026-05-20T00:17:00,2026-05-20T00:25:00,short,76622.41,76602.80426746132,76602.80426746132,0.179201,0.6108016263702866,0.6108016263702866,stop_loss,"['trend_ema', 'structure', 'order_block', 'fvg', 'premium_discount', 'momentum_candle', 'rsi', 'macd', 'adx', 'vwap', 'mtf_confirmation', 'breaker_block', 'mitigation_block']",31.47
407,27449-short,2026-05-20T01:29:00,2026-05-20T01:31:00,short,76578.3,76644.1411455276,76644.1411455276,0.151881,-1.0,-1.0,stop_loss,"['trend_ema', 'structure', 'order_block', 'fvg', 'premium_discount', 'rsi', 'macd', 'adx', 'vwap', 'rvol', 'mtf_confirmation', 'breaker_block', 'mitigation_block']",30.29
408,27510-short,2026-05-20T02:30:00,2026-05-20T02:33:00,short,76682.04,76682.04,76682.04,0.20414,0.4,0.4,stop_loss,"['trend_ema', 'structure', 'order_block', 'fvg', 'momentum_candle', 'rsi', 'macd', 'adx', 'vwap', 'volume_spike', 'rvol', 'mtf_confirmation', 'inducement', 'breaker_block', 'mitigation_block']",28.82
409,27543-short,2026-05-20T03:03:00,2026-05-20T03:17:00,short,76644.18,76683.76415151752,76683.76415151752,0.252626,-1.0,-1.0,stop_loss,"['trend_ema', 'structure', 'order_block', 'fvg', 'premium_discount', 'rsi', 'macd', 'vwap', 'mtf_confirmation', 'breaker_block', 'mitigation_block']",31.76
410,27633-short,2026-05-20T04:33:00,2026-05-20T04:36:00,short,76775.4,76711.56,76731.76755733613,0.48486,1.9,1.9,tp3_full_close,"['trend_ema', 'structure', 'order_block', 'fvg', 'premium_discount', 'rsi', 'macd', 'vwap', 'mtf_confirmation', 'breaker_block', 'mitigation_block']",30.0
411,27660-long,2026-05-20T05:00:00,2026-05-20T05:08:00,long,76822.0,76899.99,76883.08441730075,0.489788,1.9,1.9,tp3_full_close,"['trend_ema', 'structure', 'order_block', 'fvg', 'premium_discount', 'momentum_candle', 'rsi', 'macd', 'vwap', 'rvol', 'mtf_confirmation', 'breaker_block', 'mitigation_block']",71.18
412,27710-long,2026-05-20T05:50:00,2026-05-20T06:20:00,long,77201.99,77305.97,77286.29930751312,0.247734,1.9,1.9,tp3_full_close,"['trend_ema', 'structure', 'order_block', 'fvg', 'premium_discount', 'macd', 'adx', 'vwap', 'mtf_confirmation', 'breaker_block', 'mitigation_block']",69.12
413,27744-long,2026-05-20T06:24:00,2026-05-20T06:25:00,long,77343.7,77312.29647057045,77312.29647057045,0.318436,-1.0,-1.0,stop_loss,"['trend_ema', 'structure', 'order_block', 'fvg', 'premium_discount', 'rsi', 'macd', 'adx', 'vwap', 'volume_spike', 'rvol', 'mtf_confirmation', 'breaker_block', 'mitigation_block']",71.18
414,27764-long,2026-05-20T06:44:00,2026-05-20T06:47:00,long,77320.17,77288.85769162672,77288.85769162672,0.319363,-1.0,-1.0,stop_loss,"['trend_ema', 'structure', 'order_block', 'fvg', 'premium_discount', 'momentum_candle', 'rsi', 'macd', 'adx', 'vwap', 'volume_spike', 'rvol', 'mtf_confirmation', 'inducement', 'breaker_block', 'mitigation_block']",68.53
415,27803-long,2026-05-20T07:23:00,2026-05-20T07:26:00,long,77460.65,77423.00362446159,77423.00362446159,0.26563,-1.0,-1.0,stop_loss,"['trend_ema', 'structure', 'order_block', 'fvg', 'premium_discount', 'momentum_candle', 'rsi', 'macd', 'vwap', 'rvol', 'mtf_confirmation', 'session_quality', 'breaker_block', 'mitigation_block']",70.88
416,28802-long,2026-05-21T00:02:00,2026-05-21T00:03:00,long,77561.31,77536.12957050044,77536.12957050044,0.397134,-1.0,-1.0,stop_loss,"['trend_ema', 'structure', 'order_block', 'fvg', 'premium_discount', 'momentum_candle', 'rsi', 'macd', 'adx', 'vwap', 'rvol', 'mtf_confirmation', 'breaker_block', 'mitigation_block']",69.12
417,28825-long,2026-05-21T00:25:00,2026-05-21T00:46:00,long,77714.82,77826.43,77796.95498183374,0.251658,1.9,1.9,tp3_full_close,"['trend_ema', 'structure', 'order_block', 'fvg', 'premium_discount', 'rsi', 'macd', 'adx', 'vwap', 'mtf_confirmation', 'breaker_block', 'mitigation_block']",70.88
418,28847-long,2026-05-21T00:47:00,2026-05-21T00:49:00,long,77805.18,77948.75,77909.71802080492,0.269786,1.9,1.9,tp3_full_close,"['trend_ema', 'structure', 'order_block', 'fvg', 'premium_discount', 'rsi', 'macd', 'adx', 'vwap', 'mtf_confirmation', 'inducement', 'breaker_block', 'mitigation_block']",69.41
419,28863-long,2026-05-21T01:03:00,2026-05-21T01:15:00,long,77978.12,78159.7,78111.74700145239,0.163808,1.9,1.9,tp3_full_close,"['trend_ema', 'structure', 'order_block', 'fvg', 'premium_discount', 'momentum_candle', 'rsi', 'macd', 'adx', 'vwap', 'mtf_confirmation', 'inducement', 'breaker_block', 'mitigation_block']",70.0
420,28898-short,2026-05-21T01:38:00,2026-05-21T01:42:00,short,77834.01,77881.36959588587,77881.36959588587,0.21115,-1.0,-1.0,stop_loss,"['trend_ema', 'structure', 'order_block', 'fvg', 'liquidity_sweep', 'smart_money_entry', 'rsi', 'macd', 'vwap', 'mtf_confirmation', 'breaker_block', 'mitigation_block']",30.88
421,28945-long,2026-05-21T02:25:00,2026-05-21T02:28:00,long,78041.41,78057.62565748372,78057.62565748372,0.196336,0.591022684990985,0.591022684990985,stop_loss,"['trend_ema', 'structure', 'order_block', 'fvg', 'momentum_candle', 'rsi', 'macd', 'adx', 'vwap', 'mtf_confirmation', 'breaker_block', 'mitigation_block']",73.53
422,29005-long,2026-05-21T03:25:00,2026-05-21T03:32:00,long,78005.54,78017.93906053108,78017.93906053108,0.336093,0.6500342447701704,0.6500342447701704,stop_loss,"['trend_ema', 'structure', 'order_block', 'fvg', 'rsi', 'macd', 'vwap', 'mtf_confirmation', 'breaker_block', 'mitigation_block']",70.29
423,29022-long,2026-05-21T03:42:00,2026-05-21T03:46:00,long,78010.33,78030.70721950011,78030.70721950011,0.63694,1.3893717909962597,1.3893717909962597,stop_loss,"['trend_ema', 'structure', 'order_block', 'fvg', 'momentum_candle', 'macd', 'vwap', 'mtf_confirmation', 'inducement', 'breaker_block', 'mitigation_block']",68.82
424,29040-long,2026-05-21T04:00:00,2026-05-21T04:03:00,long,78100.01,78111.56700228869,78111.56700228869,0.462501,0.7207072185394559,0.7207072185394559,stop_loss,"['trend_ema', 'structure', 'order_block', 'fvg', 'premium_discount', 'momentum_candle', 'rsi', 'macd', 'adx', 'vwap', 'mtf_confirmation', 'breaker_block', 'mitigation_block']",70.29
425,29092-long,2026-05-21T04:52:00,2026-05-21T04:56:00,long,78007.99,78022.25795812169,78022.25795812169,0.743666,1.0366356939048786,1.0366356939048786,stop_loss,"['trend_ema', 'structure', 'order_block', 'fvg', 'macd', 'vwap', 'mtf_confirmation', 'breaker_block', 'mitigation_block']",68.53
426,29203-short,2026-05-21T06:43:00,2026-05-21T06:48:00,short,77663.89,77603.46,77638.04672300293,0.311093,1.9,1.9,tp3_full_close,"['trend_ema', 'structure', 'order_block', 'fvg', 'premium_discount', 'momentum_candle', 'rsi', 'macd', 'adx', 'vwap', 'volume_spike', 'rvol', 'breaker_block', 'mitigation_block']",30.0
427,29254-long,2026-05-21T07:34:00,2026-05-21T07:45:00,long,77655.92,77755.48,77737.30694970686,0.332544,1.9,1.9,tp3_full_close,"['trend_ema', 'structure', 'order_block', 'fvg', 'momentum_candle', 'rsi', 'macd', 'adx', 'vwap', 'volume_spike', 'rvol', 'session_quality', 'breaker_block', 'mitigation_block']",70.59
428,29269-long,2026-05-21T07:49:00,2026-05-21T07:56:00,long,77789.57,77901.06,77878.58329208156,0.436345,1.9,1.9,tp3_full_close,"['trend_ema', 'structure', 'order_block', 'fvg', 'premium_discount', 'momentum_candle', 'rsi', 'macd', 'adx', 'vwap', 'session_quality', 'breaker_block', 'mitigation_block']",70.59
429,29284-long,2026-05-21T08:04:00,2026-05-21T08:08:00,long,78006.0,78141.93,78100.24898062849,0.298097,1.9,1.9,tp3_full_close,"['trend_ema', 'structure', 'order_block', 'fvg', 'premium_discount', 'momentum_candle', 'rsi', 'macd', 'adx', 'vwap', 'rvol', 'mtf_confirmation', 'session_quality', 'breaker_block', 'mitigation_block']",78.24
430,29348-long,2026-05-21T09:08:00,2026-05-21T09:31:00,long,77951.73,77915.53654873386,77915.53654873386,0.276293,-1.0,-1.0,stop_loss,"['trend_ema', 'structure', 'order_block', 'fvg', 'momentum_candle', 'rsi', 'macd', 'vwap', 'volume_spike', 'rvol', 'mtf_confirmation', 'session_quality', 'breaker_block', 'mitigation_block']",75.59
431,29425-short,2026-05-21T10:25:00,2026-05-21T10:26:00,short,77411.99,77192.61,77248.20965434931,0.201892,1.9,1.9,tp3_full_close,"['trend_ema', 'structure', 'order_block', 'fvg', 'premium_discount', 'momentum_candle', 'rsi', 'macd', 'adx', 'vwap', 'volume_spike', 'rvol', 'mtf_confirmation', 'breaker_block', 'mitigation_block']",21.18
432,29452-short,2026-05-21T10:52:00,2026-05-21T10:55:00,short,77219.31,77296.90931184504,77296.90931184504,0.128867,-1.0,-1.0,stop_loss,"['trend_ema', 'structure', 'order_block', 'fvg', 'premium_discount', 'rsi', 'macd', 'adx', 'vwap', 'rvol', 'mtf_confirmation', 'breaker_block', 'mitigation_block']",29.12
433,29515-short,2026-05-21T11:55:00,2026-05-21T12:00:00,short,77201.31,77229.81833088036,77229.81833088036,0.350775,-1.0,-1.0,stop_loss,"['trend_ema', 'structure', 'order_block', 'fvg', 'premium_discount', 'momentum_candle', 'rsi', 'macd', 'adx', 'vwap', 'mtf_confirmation', 'inducement', 'breaker_block', 'mitigation_block']",31.76
434,29532-short,2026-05-21T12:12:00,2026-05-21T12:15:00,short,77178.01,77214.0054415312,77214.0054415312,0.277813,-1.0,-1.0,stop_loss,"['trend_ema', 'structure', 'order_block', 'fvg', 'premium_discount', 'momentum_candle', 'rsi', 'macd', 'adx', 'vwap', 'mtf_confirmation', 'session_quality', 'breaker_block', 'mitigation_block']",29.41
435,30243-short,2026-05-22T00:03:00,2026-05-22T00:15:00,short,77534.44,77416.83,77446.78649714946,0.271318,1.9,1.9,tp3_full_close,"['trend_ema', 'structure', 'order_block', 'fvg', 'premium_discount', 'momentum_candle', 'rsi', 'macd', 'adx', 'vwap', 'rvol', 'breaker_block', 'mitigation_block']",31.47
436,30293-short,2026-05-22T00:53:00,2026-05-22T01:05:00,short,77405.16,77366.07983851814,77366.07983851814,0.240471,0.9638594144303424,0.9638594144303424,stop_loss,"['trend_ema', 'structure', 'order_block', 'fvg', 'premium_discount', 'momentum_candle', 'rsi', 'macd', 'adx', 'vwap', 'volume_spike', 'rvol', 'breaker_block', 'mitigation_block']",30.0
437,30360-long,2026-05-22T02:00:00,2026-05-22T02:02:00,long,77680.72,77640.19343204139,77640.19343204139,0.246752,-1.0,-1.0,stop_loss,"['trend_ema', 'structure', 'order_block', 'fvg', 'premium_discount', 'momentum_candle', 'rsi', 'macd', 'adx', 'vwap', 'volume_spike', 'rvol', 'mtf_confirmation', 'breaker_block', 'mitigation_block']",74.12
438,30430-long,2026-05-22T03:10:00,2026-05-22T03:13:00,long,77741.65,77714.88452426402,77714.88452426402,0.373616,-1.0,-1.0,stop_loss,"['trend_ema', 'structure', 'order_block', 'fvg', 'premium_discount', 'rsi', 'macd', 'adx', 'vwap', 'mtf_confirmation', 'breaker_block', 'mitigation_block']",68.53
439,30446-long,2026-05-22T03:26:00,2026-05-22T03:30:00,long,77756.24,77774.55421630936,77774.55421630936,0.393143,0.8320058217579126,0.8320058217579126,stop_loss,"['trend_ema', 'structure', 'order_block', 'fvg', 'premium_discount', 'rsi', 'macd', 'adx', 'vwap', 'mtf_confirmation', 'breaker_block', 'mitigation_block']",69.71
440,30486-long,2026-05-22T04:06:00,2026-05-22T04:10:00,long,77841.55,77860.97895304456,77860.97895304456,0.511699,0.9965061548292937,0.9965061548292937,stop_loss,"['trend_ema', 'structure', 'order_block', 'fvg', 'premium_discount', 'rsi', 'macd', 'adx', 'vwap', 'rvol', 'mtf_confirmation', 'breaker_block', 'mitigation_block']",68.53
441,30571-short,2026-05-22T05:31:00,2026-05-22T05:36:00,short,77617.18,77603.0516275461,77603.0516275461,0.420797,0.7567104588870979,0.7567104588870979,stop_loss,"['trend_ema', 'structure', 'order_block', 'fvg', 'premium_discount', 'momentum_candle', 'rsi', 'macd', 'adx', 'vwap', 'volume_spike', 'rvol', 'breaker_block', 'mitigation_block']",30.0
442,30597-short,2026-05-22T05:57:00,2026-05-22T05:59:00,short,77500.54,77500.54,77500.54,0.282511,0.4,0.4,stop_loss,"['trend_ema', 'structure', 'order_block', 'fvg', 'premium_discount', 'momentum_candle', 'rsi', 'macd', 'adx', 'vwap', 'rvol', 'breaker_block', 'mitigation_block']",31.47
443,30632-short,2026-05-22T06:32:00,2026-05-22T06:44:00,short,77423.92,77456.73456596895,77456.73456596895,0.304743,-1.0,-1.0,stop_loss,"['trend_ema', 'structure', 'order_block', 'fvg', 'premium_discount', 'rsi', 'macd', 'adx', 'vwap', 'mtf_confirmation', 'inducement', 'breaker_block', 'mitigation_block']",31.18
444,30655-short,2026-05-22T06:55:00,2026-05-22T06:57:00,short,77421.12,77410.61880970799,77410.61880970799,0.321147,0.6023454847992368,0.6023454847992368,stop_loss,"['trend_ema', 'structure', 'order_block', 'fvg', 'premium_discount', 'momentum_candle', 'rsi', 'macd', 'adx', 'vwap', 'mtf_confirmation', 'breaker_block', 'mitigation_block']",28.53
445,30707-short,2026-05-22T07:47:00,2026-05-22T08:00:00,short,77431.33,77427.25325029013,77427.25325029013,0.357576,0.48746490753037824,0.48746490753037824,stop_loss,"['trend_ema', 'structure', 'order_block', 'fvg', 'rsi', 'macd', 'vwap', 'mtf_confirmation', 'session_quality', 'breaker_block', 'mitigation_block']",30.59
446,30726-short,2026-05-22T08:06:00,2026-05-22T08:08:00,short,77367.93,77399.15269380382,77399.15269380382,0.32028,-1.0,-1.0,stop_loss,"['trend_ema', 'structure', 'order_block', 'fvg', 'momentum_candle', 'rsi', 'macd', 'adx', 'vwap', 'mtf_confirmation', 'session_quality', 'breaker_block', 'mitigation_block']",28.53
447,30754-short,2026-05-22T08:34:00,2026-05-22T08:35:00,short,77357.32,77286.45,77331.54904058886,0.225204,1.9,1.9,tp3_full_close,"['trend_ema', 'structure', 'order_block', 'fvg', 'premium_discount', 'momentum_candle', 'rsi', 'macd', 'vwap', 'rvol', 'mtf_confirmation', 'session_quality', 'breaker_block', 'mitigation_block']",29.71
448,30779-short,2026-05-22T08:59:00,2026-05-22T09:03:00,short,77267.38,77267.38,77267.38,0.24986,0.4,0.4,stop_loss,"['trend_ema', 'structure', 'order_block', 'fvg', 'premium_discount', 'rsi', 'macd', 'adx', 'vwap', 'mtf_confirmation', 'session_quality', 'breaker_block', 'mitigation_block']",31.18
449,30856-short,2026-05-22T10:16:00,2026-05-22T10:18:00,short,77261.74,77283.99803468333,77283.99803468333,0.449276,-1.0,-1.0,stop_loss,"['trend_ema', 'structure', 'order_block', 'fvg', 'momentum_candle', 'rsi', 'macd', 'vwap', 'mtf_confirmation', 'breaker_block', 'mitigation_block']",29.12
450,30895-short,2026-05-22T10:55:00,2026-05-22T10:56:00,short,77283.47,77298.324869107,77298.324869107,0.67318,-1.0,-1.0,stop_loss,"['trend_ema', 'structure', 'order_block', 'fvg', 'momentum_candle', 'rsi', 'macd', 'vwap', 'volume_spike', 'rvol', 'mtf_confirmation', 'inducement', 'breaker_block', 'mitigation_block']",24.41
451,30915-short,2026-05-22T11:15:00,2026-05-22T11:20:00,short,77256.62,77233.72719653718,77233.72719653718,0.401333,0.9512580924981393,0.9512580924981393,stop_loss,"['trend_ema', 'structure', 'order_block', 'fvg', 'momentum_candle', 'rsi', 'macd', 'adx', 'vwap', 'mtf_confirmation', 'breaker_block', 'mitigation_block']",21.76
452,31019-long,2026-05-22T12:59:00,2026-05-22T13:00:00,long,77533.9,77502.21664796911,77502.21664796911,0.315623,-1.0,-1.0,stop_loss,"['trend_ema', 'structure', 'order_block', 'fvg', 'premium_discount', 'momentum_candle', 'rsi', 'macd', 'vwap', 'volume_spike', 'rvol', 'session_quality', 'breaker_block', 'mitigation_block']",68.24
453,31042-short,2026-05-22T13:22:00,2026-05-22T13:30:00,short,77401.01,77317.12,77336.28962165928,0.252492,1.9,1.9,tp3_full_close,"['trend_ema', 'structure', 'order_block', 'fvg', 'premium_discount', 'rsi', 'macd', 'vwap', 'rvol', 'mtf_confirmation', 'session_quality', 'breaker_block', 'mitigation_block']",31.47
454,31058-short,2026-05-22T13:38:00,2026-05-22T13:45:00,short,77273.74,77246.02057022305,77246.02057022305,0.134704,0.624035894045381,0.624035894045381,stop_loss,"['trend_ema', 'structure', 'order_block', 'fvg', 'rsi', 'macd', 'adx', 'vwap', 'mtf_confirmation', 'session_quality', 'breaker_block', 'mitigation_block']",28.53
455,31076-short,2026-05-22T13:56:00,2026-05-22T14:07:00,short,77231.06,77031.24,77102.98300382691,0.129272,1.9,1.9,tp3_full_close,"['trend_ema', 'structure', 'order_block', 'fvg', 'premium_discount', 'macd', 'vwap', 'mtf_confirmation', 'session_quality', 'inducement', 'breaker_block', 'mitigation_block']",31.18
456,31091-short,2026-05-22T14:11:00,2026-05-22T14:23:00,short,77098.76,76800.01,76866.81092023301,0.114356,1.9,1.9,tp3_full_close,"['trend_ema', 'structure', 'order_block', 'fvg', 'premium_discount', 'rsi', 'macd', 'adx', 'vwap', 'mtf_confirmation', 'session_quality', 'breaker_block', 'mitigation_block']",31.18
457,31108-short,2026-05-22T14:28:00,2026-05-22T14:43:00,short,76871.2,76823.14369946816,76823.14369946816,0.126376,0.764389721895304,0.764389721895304,stop_loss,"['trend_ema', 'structure', 'order_block', 'fvg', 'premium_discount', 'rsi', 'macd', 'adx', 'vwap', 'mtf_confirmation', 'session_quality', 'breaker_block', 'mitigation_block']",31.18
458,31140-short,2026-05-22T15:00:00,2026-05-22T15:02:00,short,76710.33,76764.69149772586,76764.69149772586,0.183954,-1.0,-1.0,stop_loss,"['trend_ema', 'structure', 'order_block', 'fvg', 'premium_discount', 'momentum_candle', 'rsi', 'macd', 'adx', 'vwap', 'volume_spike', 'rvol', 'mtf_confirmation', 'breaker_block', 'mitigation_block']",31.18
459,31162-short,2026-05-22T15:22:00,2026-05-22T15:25:00,short,76745.47,76661.38,76678.4687313689,0.186748,1.9,1.9,tp3_full_close,"['trend_ema', 'structure', 'order_block', 'fvg', 'premium_discount', 'momentum_candle', 'rsi', 'macd', 'vwap', 'mtf_confirmation', 'breaker_block', 'mitigation_block']",31.18
460,31307-short,2026-05-22T17:47:00,2026-05-22T18:02:00,short,76903.74,76784.03217412594,76784.03217412594,0.179433,1.644385597477931,1.644385597477931,stop_loss,"['trend_ema', 'structure', 'order_block', 'fvg', 'rsi', 'macd', 'vwap', 'mtf_confirmation', 'breaker_block', 'mitigation_block']",29.71
461,31357-short,2026-05-22T18:37:00,2026-05-22T18:39:00,short,76638.19,76692.34229684078,76692.34229684078,0.184664,-1.0,-1.0,stop_loss,"['trend_ema', 'structure', 'order_block', 'fvg', 'premium_discount', 'rsi', 'macd', 'adx', 'vwap', 'volume_spike', 'rvol', 'mtf_confirmation', 'breaker_block', 'mitigation_block']",28.82
462,31382-short,2026-05-22T19:02:00,2026-05-22T19:15:00,short,76447.17,76290.97431767988,76290.97431767988,0.10573,1.4954375215231577,1.4954375215231577,stop_loss,"['trend_ema', 'structure', 'order_block', 'fvg', 'momentum_candle', 'rsi', 'macd', 'adx', 'vwap', 'mtf_confirmation', 'breaker_block', 'mitigation_block']",30.0
463,31410-short,2026-05-22T19:30:00,2026-05-22T19:31:00,short,75720.19,75848.85150662663,75848.85150662663,0.077723,-1.0,-1.0,stop_loss,"['trend_ema', 'structure', 'order_block', 'fvg', 'premium_discount', 'momentum_candle', 'rsi', 'macd', 'adx', 'vwap', 'volume_spike', 'rvol', 'mtf_confirmation', 'breaker_block', 'mitigation_block']",31.76
464,31460-short,2026-05-22T20:20:00,2026-05-22T20:28:00,short,75895.65,75962.94447027016,75962.94447027016,0.148601,-1.0,-1.0,stop_loss,"['trend_ema', 'structure', 'order_block', 'fvg', 'premium_discount', 'liquidity_sweep', 'smart_money_entry', 'rsi', 'macd', 'vwap', 'mtf_confirmation', 'equal_high_low', 'mitigation_block']",28.82
465,31543-short,2026-05-22T21:43:00,2026-05-22T21:44:00,short,75963.46,76000.29902173027,76000.29902173027,0.271451,-1.0,-1.0,stop_loss,"['trend_ema', 'structure', 'order_block', 'fvg', 'momentum_candle', 'rsi', 'macd', 'vwap', 'mtf_confirmation', 'inducement', 'breaker_block', 'mitigation_block']",31.18
466,31686-short,2026-05-23T00:06:00,2026-05-23T00:17:00,short,75543.18,75502.10659610976,75502.10659610976,0.153984,1.1897392736220709,1.1897392736220709,stop_loss,"['trend_ema', 'structure', 'order_block', 'fvg', 'liquidity_sweep', 'smart_money_entry', 'momentum_candle', 'rsi', 'macd', 'adx', 'vwap', 'mtf_confirmation', 'equal_high_low', 'breaker_block', 'mitigation_block']",27.06
467,31712-short,2026-05-23T00:32:00,2026-05-23T00:34:00,short,75344.06,75421.16696990063,75421.16696990063,0.12969,-1.0,-1.0,stop_loss,"['trend_ema', 'structure', 'order_block', 'fvg', 'premium_discount', 'momentum_candle', 'rsi', 'macd', 'adx', 'vwap', 'volume_spike', 'rvol', 'mtf_confirmation', 'equal_high_low', 'breaker_block', 'mitigation_block']",27.65
468,31785-short,2026-05-23T01:45:00,2026-05-23T01:48:00,short,75399.21,75399.21,75399.21,0.252477,0.4,0.4,stop_loss,"['trend_ema', 'structure', 'order_block', 'fvg', 'momentum_candle', 'rsi', 'macd', 'vwap', 'rvol', 'mtf_confirmation', 'inducement', 'breaker_block', 'mitigation_block']",30.59
469,31849-long,2026-05-23T02:49:00,2026-05-23T03:00:00,long,75544.01,75565.34539610054,75565.34539610054,0.425398,0.944561943583023,0.944561943583023,stop_loss,"['trend_ema', 'structure', 'order_block', 'fvg', 'premium_discount', 'momentum_candle', 'rsi', 'macd', 'vwap', 'mtf_confirmation', 'inducement', 'breaker_block', 'mitigation_block']",68.53
470,31864-long,2026-05-23T03:04:00,2026-05-23T03:20:00,long,75600.0,75600.0,75600.0,0.559538,0.4,0.4,stop_loss,"['trend_ema', 'structure', 'order_block', 'fvg', 'premium_discount', 'rsi', 'macd', 'adx', 'vwap', 'rvol', 'mtf_confirmation', 'equal_high_low', 'breaker_block', 'mitigation_block']",69.12
471,31939-short,2026-05-23T04:19:00,2026-05-23T04:29:00,short,75585.61,75580.35206295602,75580.35206295602,0.906584,0.6860057825235396,0.6860057825235396,stop_loss,"['trend_ema', 'structure', 'order_block', 'fvg', 'momentum_candle', 'rsi', 'macd', 'vwap', 'volume_spike', 'rvol', 'mtf_confirmation', 'breaker_block', 'mitigation_block']",27.65
472,32004-short,2026-05-23T05:24:00,2026-05-23T05:25:00,short,75487.68,75503.67758587105,75503.67758587105,0.625094,-1.0,-1.0,stop_loss,"['trend_ema', 'structure', 'order_block', 'fvg', 'premium_discount', 'momentum_candle', 'rsi', 'macd', 'adx', 'vwap', 'volume_spike', 'rvol', 'mtf_confirmation', 'breaker_block', 'mitigation_block']",29.41
473,32066-short,2026-05-23T06:26:00,2026-05-23T06:28:00,short,75461.64,75472.32155566559,75472.32155566559,0.936193,-1.0,-1.0,stop_loss,"['trend_ema', 'structure', 'order_block', 'fvg', 'premium_discount', 'rsi', 'macd', 'vwap', 'rvol', 'mtf_confirmation', 'breaker_block', 'mitigation_block']",31.76
474,32086-short,2026-05-23T06:46:00,2026-05-23T07:00:00,short,75411.12,75427.97468742728,75427.97468742728,0.593307,-1.0,-1.0,stop_loss,"['trend_ema', 'structure', 'order_block', 'fvg', 'premium_discount', 'momentum_candle', 'rsi', 'macd', 'adx', 'vwap', 'mtf_confirmation', 'breaker_block', 'mitigation_block']",28.53
475,33160-long,2026-05-24T00:40:00,2026-05-24T00:42:00,long,76807.39,76770.19301031127,76770.19301031127,0.268839,-1.0,-1.0,stop_loss,"['trend_ema', 'structure', 'order_block', 'fvg', 'premium_discount', 'momentum_candle', 'rsi', 'macd', 'adx', 'vwap', 'volume_spike', 'rvol', 'mtf_confirmation', 'breaker_block', 'mitigation_block']",72.94
476,33200-long,2026-05-24T01:20:00,2026-05-24T01:26:00,long,76838.06,76886.44155997274,76886.44155997274,0.324156,1.4704950136198822,1.4704950136198822,stop_loss,"['trend_ema', 'structure', 'order_block', 'fvg', 'momentum_candle', 'rsi', 'macd', 'vwap', 'rvol', 'mtf_confirmation', 'inducement', 'breaker_block', 'mitigation_block']",68.24
477,33304-long,2026-05-24T03:04:00,2026-05-24T03:12:00,long,76959.99,76974.7588491743,76974.7588491743,0.284347,0.6519687163048189,0.6519687163048189,stop_loss,"['trend_ema', 'structure', 'order_block', 'fvg', 'premium_discount', 'momentum_candle', 'rsi', 'macd', 'vwap', 'volume_spike', 'rvol', 'mtf_confirmation', 'breaker_block', 'mitigation_block']",72.65
478,33320-long,2026-05-24T03:20:00,2026-05-24T03:34:00,long,76908.0,76873.25227052275,76873.25227052275,0.287789,-1.0,-1.0,stop_loss,"['trend_ema', 'structure', 'order_block', 'fvg', 'momentum_candle', 'macd', 'adx', 'vwap', 'mtf_confirmation', 'breaker_block', 'mitigation_block']",68.24
479,33469-long,2026-05-24T05:49:00,2026-05-24T05:52:00,long,76785.57,76861.77,76840.04601645899,0.413725,1.9,1.9,tp3_full_close,"['trend_ema', 'structure', 'order_block', 'fvg', 'momentum_candle', 'rsi', 'macd', 'adx', 'vwap', 'rvol', 'mtf_confirmation', 'breaker_block', 'mitigation_block']",68.24
480,33487-long,2026-05-24T06:07:00,2026-05-24T06:15:00,long,76841.21,76820.79597949453,76820.79597949453,0.489859,-1.0,-1.0,stop_loss,"['trend_ema', 'structure', 'order_block', 'fvg', 'premium_discount', 'momentum_candle', 'rsi', 'macd', 'adx', 'vwap', 'mtf_confirmation', 'inducement', 'breaker_block', 'mitigation_block']",68.82
481,33524-long,2026-05-24T06:44:00,2026-05-24T06:49:00,long,76816.63,76909.37,76881.02556320369,0.362529,1.9,1.9,tp3_full_close,"['trend_ema', 'structure', 'order_block', 'fvg', 'premium_discount', 'rsi', 'macd', 'vwap', 'mtf_confirmation', 'inducement', 'breaker_block', 'mitigation_block']",75.0
482,33621-long,2026-05-24T08:21:00,2026-05-24T08:29:00,long,76828.26,76833.6040467656,76833.6040467656,0.542885,0.5740720299768316,0.5740720299768316,stop_loss,"['trend_ema', 'structure', 'order_block', 'fvg', 'premium_discount', 'momentum_candle', 'rsi', 'macd', 'vwap', 'mtf_confirmation', 'session_quality', 'breaker_block', 'mitigation_block']",69.12
483,33642-long,2026-05-24T08:42:00,2026-05-24T08:44:00,long,76824.58,76810.32562805252,76810.32562805252,0.701539,-1.0,-1.0,stop_loss,"['trend_ema', 'structure', 'order_block', 'fvg', 'rsi', 'macd', 'adx', 'vwap', 'mtf_confirmation', 'session_quality', 'inducement', 'breaker_block', 'mitigation_block']",70.59
484,33666-long,2026-05-24T09:06:00,2026-05-24T09:10:00,long,76856.18,76908.0,76892.8904184996,0.640309,1.9,1.9,tp3_full_close,"['trend_ema', 'structure', 'order_block', 'fvg', 'momentum_candle', 'rsi', 'macd', 'vwap', 'mtf_confirmation', 'session_quality', 'breaker_block', 'mitigation_block']",72.94
485,33683-long,2026-05-24T09:23:00,2026-05-24T09:25:00,long,76951.72,76966.53402182936,76966.53402182936,0.61415,0.9458820304872936,0.9458820304872936,stop_loss,"['trend_ema', 'structure', 'order_block', 'fvg', 'premium_discount', 'momentum_candle', 'rsi', 'macd', 'adx', 'vwap', 'mtf_confirmation', 'session_quality', 'breaker_block', 'mitigation_block']",71.18
486,33717-long,2026-05-24T09:57:00,2026-05-24T10:00:00,long,77033.53,77013.35526226048,77013.35526226048,0.495669,-1.0,-1.0,stop_loss,"['trend_ema', 'structure', 'order_block', 'fvg', 'premium_discount', 'momentum_candle', 'rsi', 'macd', 'adx', 'vwap', 'volume_spike', 'rvol', 'mtf_confirmation', 'session_quality', 'breaker_block', 'mitigation_block']",73.82
487,33754-long,2026-05-24T10:34:00,2026-05-24T10:48:00,long,77219.31,77131.12060006235,77131.12060006235,0.113392,-1.0,-1.0,stop_loss,"['trend_ema', 'structure', 'order_block', 'fvg', 'rsi', 'macd', 'adx', 'vwap', 'mtf_confirmation', 'breaker_block', 'mitigation_block']",71.76
488,33781-long,2026-05-24T11:01:00,2026-05-24T11:08:00,long,77240.0,77275.71765695029,77275.71765695029,0.256914,1.275290554129474,1.275290554129474,stop_loss,"['trend_ema', 'structure', 'order_block', 'fvg', 'rsi', 'macd', 'vwap', 'mtf_confirmation', 'inducement', 'breaker_block', 'mitigation_block']",68.24
489,33834-long,2026-05-24T11:54:00,2026-05-24T12:01:00,long,77278.01,77297.73327605841,77297.73327605841,0.359385,0.8252945798994135,0.8252945798994135,stop_loss,"['trend_ema', 'structure', 'order_block', 'fvg', 'macd', 'vwap', 'mtf_confirmation', 'breaker_block', 'mitigation_block']",73.24
490,33857-short,2026-05-24T12:17:00,2026-05-24T12:30:00,short,77122.36,77097.24397939682,77097.24397939682,0.320218,1.2412777079793564,1.2412777079793564,stop_loss,"['trend_ema', 'structure', 'order_block', 'fvg', 'premium_discount', 'liquidity_sweep', 'smart_money_entry', 'rsi', 'macd', 'vwap', 'mtf_confirmation', 'session_quality', 'breaker_block', 'mitigation_block']",30.29
491,33971-short,2026-05-24T14:11:00,2026-05-24T14:14:00,short,76655.6,76515.11,76579.10399674249,0.151389,1.9,1.9,tp3_full_close,"['trend_ema', 'structure', 'order_block', 'fvg', 'premium_discount', 'momentum_candle', 'rsi', 'macd', 'adx', 'vwap', 'volume_spike', 'rvol', 'session_quality', 'breaker_block', 'mitigation_block']",30.88
492,34055-short,2026-05-24T15:35:00,2026-05-24T16:00:00,short,76448.15,76385.67018539965,76385.67018539965,0.274408,1.514348722416266,1.514348722416266,stop_loss,"['trend_ema', 'structure', 'order_block', 'fvg', 'macd', 'vwap', 'volume_spike', 'rvol', 'mtf_confirmation', 'breaker_block', 'mitigation_block']",29.41
493,34140-long,2026-05-24T17:00:00,2026-05-24T17:03:00,long,76700.0,76663.79866885375,76663.79866885375,0.276233,-1.0,-1.0,stop_loss,"['trend_ema', 'structure', 'order_block', 'fvg', 'premium_discount', 'momentum_candle', 'rsi', 'macd', 'adx', 'vwap', 'volume_spike', 'rvol', 'mtf_confirmation', 'breaker_block', 'mitigation_block']",68.24
494,34161-short,2026-05-24T17:21:00,2026-05-24T17:23:00,short,76582.98,76618.20087909832,76618.20087909832,0.283922,-1.0,-1.0,stop_loss,"['trend_ema', 'structure', 'order_block', 'fvg', 'rsi', 'macd', 'adx', 'vwap', 'mtf_confirmation', 'breaker_block', 'mitigation_block']",29.41
495,34339-short,2026-05-24T20:19:00,2026-05-24T20:21:00,short,76678.9,76663.54510868521,76663.54510868521,0.320276,0.695068560504839,0.695068560504839,stop_loss,"['trend_ema', 'structure', 'order_block', 'fvg', 'rsi', 'macd', 'adx', 'vwap', 'breaker_block', 'mitigation_block']",31.76
496,34361-long,2026-05-24T20:41:00,2026-05-24T20:55:00,long,76690.55,76651.51487700368,76651.51487700368,0.25618,-1.0,-1.0,stop_loss,"['trend_ema', 'structure', 'order_block', 'fvg', 'macd', 'adx', 'vwap', 'breaker_block', 'mitigation_block']",68.24
497,34407-short,2026-05-24T21:27:00,2026-05-24T21:28:00,short,76666.55,76600.01,76620.05630578657,0.517959,1.9,1.9,tp3_full_close,"['trend_ema', 'structure', 'order_block', 'fvg', 'rsi', 'macd', 'vwap', 'mtf_confirmation', 'inducement', 'breaker_block', 'mitigation_block']",27.65
498,34423-short,2026-05-24T21:43:00,2026-05-24T22:00:00,short,76184.09,76284.06657147271,76284.06657147271,0.100023,-1.0,-1.0,stop_loss,"['trend_ema', 'structure', 'order_block', 'fvg', 'premium_discount', 'rsi', 'macd', 'adx', 'vwap', 'mtf_confirmation', 'breaker_block', 'mitigation_block']",30.29
499,34509-long,2026-05-24T23:09:00,2026-05-24T23:16:00,long,76926.48,76936.1724568946,76936.1724568946,0.145916,0.48485712545421855,0.48485712545421855,stop_loss,"['trend_ema', 'structure', 'order_block', 'fvg', 'premium_discount', 'rsi', 'macd', 'vwap', 'mtf_confirmation', 'breaker_block', 'mitigation_block']",68.24
500,34531-long,2026-05-24T23:31:00,2026-05-24T23:34:00,long,76970.45,76908.63444636318,76908.63444636318,0.161772,-1.0,-1.0,stop_loss,"['trend_ema', 'structure', 'order_block', 'fvg', 'premium_discount', 'momentum_candle', 'rsi', 'macd', 'vwap', 'volume_spike', 'rvol', 'mtf_confirmation', 'breaker_block', 'mitigation_block']",72.65
501,34567-long,2026-05-25T00:07:00,2026-05-25T00:21:00,long,77194.71,77129.5384855931,77129.5384855931,0.153441,-1.0,-1.0,stop_loss,"['trend_ema', 'structure', 'order_block', 'fvg', 'premium_discount', 'rsi', 'macd', 'adx', 'vwap', 'mtf_confirmation', 'breaker_block', 'mitigation_block']",69.71
502,34588-long,2026-05-25T00:28:00,2026-05-25T00:32:00,long,77188.73,77206.87824537056,77206.87824537056,0.167559,0.5824545571153713,0.5824545571153713,stop_loss,"['trend_ema', 'structure', 'order_block', 'fvg', 'premium_discount', 'macd', 'adx', 'vwap', 'mtf_confirmation', 'breaker_block', 'mitigation_block']",69.12
503,34635-long,2026-05-25T01:15:00,2026-05-25T01:28:00,long,77222.09,77157.71145164098,77157.71145164098,0.155331,-1.0,-1.0,stop_loss,"['trend_ema', 'structure', 'order_block', 'fvg', 'premium_discount', 'momentum_candle', 'rsi', 'macd', 'vwap', 'mtf_confirmation', 'breaker_block', 'mitigation_block']",70.0
504,34821-long,2026-05-25T04:21:00,2026-05-25T04:31:00,long,77114.88,77188.01,77172.22295828318,0.302931,1.9,1.9,tp3_full_close,"['trend_ema', 'structure', 'order_block', 'fvg', 'momentum_candle', 'rsi', 'macd', 'adx', 'vwap', 'rvol', 'mtf_confirmation', 'breaker_block', 'mitigation_block']",77.06
505,34847-long,2026-05-25T04:47:00,2026-05-25T04:52:00,long,77289.88,77450.0,77415.51401626917,0.30024,1.9,1.9,tp3_full_close,"['trend_ema', 'structure', 'order_block', 'fvg', 'premium_discount', 'rsi', 'macd', 'adx', 'vwap', 'mtf_confirmation', 'inducement', 'breaker_block', 'mitigation_block']",71.76
506,34871-long,2026-05-25T05:11:00,2026-05-25T05:19:00,long,77392.9,77430.02880128073,77430.02880128073,0.221866,0.8942574600173896,0.8942574600173896,stop_loss,"['trend_ema', 'structure', 'order_block', 'fvg', 'premium_discount', 'rsi', 'macd', 'adx', 'vwap', 'mtf_confirmation', 'inducement', 'breaker_block', 'mitigation_block']",68.24
507,34897-long,2026-05-25T05:37:00,2026-05-25T05:45:00,long,77482.35,77444.49404039049,77444.49404039049,0.264159,-1.0,-1.0,stop_loss,"['trend_ema', 'structure', 'order_block', 'fvg', 'premium_discount', 'rsi', 'macd', 'adx', 'vwap', 'rvol', 'mtf_confirmation', 'breaker_block', 'mitigation_block']",69.71
508,34929-long,2026-05-25T06:09:00,2026-05-25T06:10:00,long,77577.27,77528.47407625991,77528.47407625991,0.204935,-1.0,-1.0,stop_loss,"['trend_ema', 'structure', 'order_block', 'fvg', 'premium_discount', 'rsi', 'macd', 'adx', 'vwap', 'volume_spike', 'rvol', 'mtf_confirmation', 'breaker_block', 'mitigation_block']",71.18
509,34956-long,2026-05-25T06:36:00,2026-05-25T06:49:00,long,77420.0,77460.74625682362,77460.74625682362,0.219771,1.2686451513204235,1.2686451513204235,stop_loss,"['trend_ema', 'structure', 'order_block', 'fvg', 'momentum_candle', 'rsi', 'macd', 'vwap', 'rvol', 'mtf_confirmation', 'breaker_block', 'mitigation_block']",73.24
510,34975-long,2026-05-25T06:55:00,2026-05-25T06:58:00,long,77438.22,77408.34824442923,77408.34824442923,0.334764,-1.0,-1.0,stop_loss,"['trend_ema', 'structure', 'order_block', 'fvg', 'rsi', 'macd', 'adx', 'vwap', 'mtf_confirmation', 'breaker_block', 'mitigation_block']",68.82
511,35023-long,2026-05-25T07:43:00,2026-05-25T08:00:00,long,77317.71,77380.18918071433,77380.18918071433,0.320898,1.6014841494698246,1.6014841494698246,stop_loss,"['trend_ema', 'structure', 'order_block', 'fvg', 'premium_discount', 'momentum_candle', 'rsi', 'macd', 'vwap', 'rvol', 'mtf_confirmation', 'session_quality', 'breaker_block', 'mitigation_block']",70.29
512,35044-long,2026-05-25T08:04:00,2026-05-25T08:06:00,long,77410.62,77378.39215732043,77378.39215732043,0.310291,-1.0,-1.0,stop_loss,"['trend_ema', 'structure', 'order_block', 'fvg', 'momentum_candle', 'rsi', 'macd', 'vwap', 'rvol', 'mtf_confirmation', 'session_quality', 'breaker_block', 'mitigation_block']",72.94
513,35075-long,2026-05-25T08:35:00,2026-05-25T08:36:00,long,77384.01,77360.28072601366,77360.28072601366,0.42142,-1.0,-1.0,stop_loss,"['trend_ema', 'structure', 'order_block', 'fvg', 'momentum_candle', 'rsi', 'macd', 'vwap', 'volume_spike', 'rvol', 'mtf_confirmation', 'session_quality', 'breaker_block', 'mitigation_block']",69.71
514,35090-long,2026-05-25T08:50:00,2026-05-25T08:55:00,long,77378.52,77446.43,77427.81024218234,0.512473,1.9,1.9,tp3_full_close,"['trend_ema', 'structure', 'order_block', 'fvg', 'premium_discount', 'momentum_candle', 'rsi', 'macd', 'adx', 'vwap', 'mtf_confirmation', 'session_quality', 'breaker_block', 'mitigation_block']",72.35
515,35110-long,2026-05-25T09:10:00,2026-05-25T09:13:00,long,77493.98,77468.93999465113,77468.93999465113,0.399361,-1.0,-1.0,stop_loss,"['trend_ema', 'structure', 'order_block', 'fvg', 'premium_discount', 'rsi', 'macd', 'adx', 'vwap', 'rvol', 'mtf_confirmation', 'session_quality', 'breaker_block', 'mitigation_block']",70.59
516,35125-long,2026-05-25T09:25:00,2026-05-25T09:29:00,long,77507.19,77520.29486519058,77520.29486519058,0.414432,0.725864211365415,0.725864211365415,stop_loss,"['trend_ema', 'structure', 'order_block', 'fvg', 'premium_discount', 'rsi', 'macd', 'adx', 'vwap', 'mtf_confirmation', 'session_quality', 'breaker_block', 'mitigation_block']",70.59
517,35141-long,2026-05-25T09:41:00,2026-05-25T09:52:00,long,77573.74,77642.14206681823,77642.14206681823,0.235028,1.4822912559297812,1.4822912559297812,stop_loss,"['trend_ema', 'structure', 'order_block', 'fvg', 'momentum_candle', 'rsi', 'macd', 'adx', 'vwap', 'mtf_confirmation', 'session_quality', 'inducement', 'breaker_block', 'mitigation_block']",70.0
518,35252-long,2026-05-25T11:32:00,2026-05-25T11:35:00,long,77445.82,77469.31962004282,77469.31962004282,0.787276,1.555020413963143,1.555020413963143,stop_loss,"['trend_ema', 'structure', 'order_block', 'fvg', 'premium_discount', 'momentum_candle', 'macd', 'adx', 'vwap', 'mtf_confirmation', 'breaker_block', 'mitigation_block']",69.71
519,35307-long,2026-05-25T12:27:00,2026-05-25T12:38:00,long,77395.55,77363.78507081594,77363.78507081594,0.314813,-1.0,-1.0,stop_loss,"['trend_ema', 'structure', 'order_block', 'fvg', 'rsi', 'macd', 'adx', 'vwap', 'mtf_confirmation', 'session_quality', 'inducement', 'breaker_block', 'mitigation_block']",74.71
520,35336-long,2026-05-25T12:56:00,2026-05-25T12:57:00,long,77440.45,77414.50172023545,77414.50172023545,0.385382,-1.0,-1.0,stop_loss,"['trend_ema', 'structure', 'order_block', 'fvg', 'momentum_candle', 'rsi', 'macd', 'adx', 'vwap', 'rvol', 'mtf_confirmation', 'session_quality', 'breaker_block', 'mitigation_block']",74.41
521,35408-long,2026-05-25T14:08:00,2026-05-25T14:21:00,long,77495.03,77524.14068693544,77524.14068693544,0.230699,1.2014738897287058,1.2014738897287058,stop_loss,"['trend_ema', 'structure', 'order_block', 'fvg', 'premium_discount', 'rsi', 'macd', 'adx', 'vwap', 'mtf_confirmation', 'session_quality', 'breaker_block', 'mitigation_block']",70.59
522,35425-long,2026-05-25T14:25:00,2026-05-25T14:40:00,long,77596.11,77550.10248371019,77550.10248371019,0.217356,-1.0,-1.0,stop_loss,"['trend_ema', 'structure', 'order_block', 'fvg', 'premium_discount', 'rsi', 'macd', 'adx', 'vwap', 'rvol', 'mtf_confirmation', 'session_quality', 'breaker_block', 'mitigation_block']",71.76
523,35446-long,2026-05-25T14:46:00,2026-05-25T14:50:00,long,77748.37,77702.12602329634,77702.12602329634,0.216244,-1.0,-1.0,stop_loss,"['trend_ema', 'structure', 'order_block', 'fvg', 'premium_discount', 'momentum_candle', 'rsi', 'macd', 'adx', 'vwap', 'volume_spike', 'rvol', 'mtf_confirmation', 'session_quality', 'breaker_block', 'mitigation_block']",69.12
524,35461-long,2026-05-25T15:01:00,2026-05-25T15:04:00,long,77728.8,77692.10174682214,77692.10174682214,0.272493,-1.0,-1.0,stop_loss,"['trend_ema', 'structure', 'order_block', 'fvg', 'premium_discount', 'rsi', 'macd', 'adx', 'vwap', 'mtf_confirmation', 'mitigation_block']",68.53
525,36003-short,2026-05-26T00:03:00,2026-05-26T00:17:00,short,77282.92,77176.18,77198.7939170009,0.358259,1.9,1.9,tp3_full_close,"['trend_ema', 'structure', 'order_block', 'fvg', 'premium_discount', 'rsi', 'macd', 'vwap', 'mtf_confirmation', 'breaker_block', 'mitigation_block']",27.65
526,36018-short,2026-05-26T00:18:00,2026-05-26T00:24:00,short,77145.09,77113.05488001295,77113.05488001295,0.333471,1.0409677126604753,1.0409677126604753,stop_loss,"['trend_ema', 'structure', 'order_block', 'fvg', 'premium_discount', 'momentum_candle', 'rsi', 'macd', 'adx', 'vwap', 'volume_spike', 'rvol', 'mtf_confirmation', 'breaker_block', 'mitigation_block']",25.88
527,36037-short,2026-05-26T00:37:00,2026-05-26T00:39:00,short,77053.2,76990.57112467621,76990.57112467621,0.227096,1.4266833486519934,1.4266833486519934,stop_loss,"['trend_ema', 'structure', 'order_block', 'fvg', 'premium_discount', 'rsi', 'macd', 'adx', 'vwap', 'rvol', 'mtf_confirmation', 'breaker_block', 'mitigation_block']",29.12
528,36052-short,2026-05-26T00:52:00,2026-05-26T00:54:00,short,76616.81,76688.52932952184,76688.52932952184,0.139432,-1.0,-1.0,stop_loss,"['trend_ema', 'structure', 'order_block', 'fvg', 'premium_discount', 'momentum_candle', 'rsi', 'macd', 'adx', 'vwap', 'rvol', 'mtf_confirmation', 'breaker_block', 'mitigation_block']",28.53
529,36092-short,2026-05-26T01:32:00,2026-05-26T01:36:00,short,76730.01,76706.876638254,76706.876638254,0.188789,0.6620392012181355,0.6620392012181355,stop_loss,"['trend_ema', 'structure', 'order_block', 'fvg', 'premium_discount', 'rsi', 'macd', 'vwap', 'mtf_confirmation', 'breaker_block', 'mitigation_block']",31.76
530,36140-short,2026-05-26T02:20:00,2026-05-26T02:35:00,short,76731.47,76698.59884270917,76698.59884270917,0.209559,0.8133074414712846,0.8133074414712846,stop_loss,"['trend_ema', 'structure', 'order_block', 'fvg', 'momentum_candle', 'macd', 'vwap', 'mtf_confirmation', 'breaker_block', 'mitigation_block']",29.71
531,36160-short,2026-05-26T02:40:00,2026-05-26T02:46:00,short,76658.04,76514.87,76547.45893399323,0.261471,1.9,1.9,tp3_full_close,"['trend_ema', 'structure', 'order_block', 'fvg', 'premium_discount', 'rsi', 'macd', 'vwap', 'mtf_confirmation', 'breaker_block', 'mitigation_block']",31.76
532,36175-short,2026-05-26T02:55:00,2026-05-26T02:59:00,short,76665.04,76650.60224659694,76650.60224659694,0.235087,0.6036478792246347,0.6036478792246347,stop_loss,"['trend_ema', 'structure', 'order_block', 'fvg', 'macd', 'vwap', 'mtf_confirmation', 'breaker_block', 'mitigation_block']",30.29
533,36195-short,2026-05-26T03:15:00,2026-05-26T03:28:00,short,76580.0,76506.01497979807,76506.01497979807,0.257067,1.570573268067178,1.570573268067178,stop_loss,"['trend_ema', 'structure', 'order_block', 'fvg', 'premium_discount', 'rsi', 'macd', 'adx', 'vwap', 'rvol', 'mtf_confirmation', 'breaker_block', 'mitigation_block']",31.47
534,36249-short,2026-05-26T04:09:00,2026-05-26T04:13:00,short,76628.0,76650.27928847821,76650.27928847821,0.448847,-1.0,-1.0,stop_loss,"['trend_ema', 'structure', 'order_block', 'fvg', 'rsi', 'macd', 'vwap', 'mtf_confirmation', 'breaker_block', 'mitigation_block']",30.88
535,36381-short,2026-05-26T06:21:00,2026-05-26T06:25:00,short,76860.02,76883.54296991459,76883.54296991459,0.425116,-1.0,-1.0,stop_loss,"['trend_ema', 'structure', 'order_block', 'fvg', 'rsi', 'macd', 'vwap', 'mtf_confirmation', 'breaker_block', 'mitigation_block']",31.47
536,36424-short,2026-05-26T07:04:00,2026-05-26T07:08:00,short,76858.46,76823.82956576429,76823.82956576429,0.394954,1.4103226747252415,1.4103226747252415,stop_loss,"['trend_ema', 'structure', 'order_block', 'fvg', 'premium_discount', 'rsi', 'macd', 'vwap', 'rvol', 'mtf_confirmation', 'session_quality', 'mitigation_block']",31.47
537,36530-short,2026-05-26T08:50:00,2026-05-26T08:51:00,short,76726.01,76751.85572551776,76751.85572551776,0.386911,-1.0,-1.0,stop_loss,"['trend_ema', 'structure', 'order_block', 'fvg', 'momentum_candle', 'rsi', 'macd', 'vwap', 'rvol', 'mtf_confirmation', 'session_quality', 'breaker_block', 'mitigation_block']",28.82
538,36546-short,2026-05-26T09:06:00,2026-05-26T09:13:00,short,76684.28,76711.5521863975,76711.5521863975,0.366674,-1.0,-1.0,stop_loss,"['trend_ema', 'structure', 'order_block', 'fvg', 'premium_discount', 'rsi', 'macd', 'adx', 'vwap', 'mtf_confirmation', 'session_quality', 'breaker_block', 'mitigation_block']",31.18
539,36564-short,2026-05-26T09:24:00,2026-05-26T09:26:00,short,76665.81,76702.53851082323,76702.53851082323,0.272268,-1.0,-1.0,stop_loss,"['trend_ema', 'structure', 'order_block', 'fvg', 'premium_discount', 'rsi', 'macd', 'adx', 'vwap', 'rvol', 'mtf_confirmation', 'session_quality', 'breaker_block', 'mitigation_block']",31.18
540,37519-short,2026-05-27T01:19:00,2026-05-27T01:24:00,short,75890.87,75863.44234658961,75863.44234658961,0.243055,0.7999850557414363,0.7999850557414363,stop_loss,"['trend_ema', 'structure', 'order_block', 'fvg', 'premium_discount', 'momentum_candle', 'rsi', 'macd', 'vwap', 'volume_spike', 'rvol', 'mtf_confirmation', 'breaker_block', 'mitigation_block']",27.35
541,37559-short,2026-05-27T01:59:00,2026-05-27T02:03:00,short,75877.44,75840.42,75865.62881618187,0.279864,1.9,1.9,tp3_full_close,"['trend_ema', 'structure', 'order_block', 'fvg', 'premium_discount', 'rsi', 'macd', 'adx', 'vwap', 'mtf_confirmation', 'breaker_block', 'mitigation_block']",30.29
542,37579-short,2026-05-27T02:19:00,2026-05-27T02:22:00,short,75711.61,75751.99308192948,75751.99308192948,0.247628,-1.0,-1.0,stop_loss,"['trend_ema', 'structure', 'order_block', 'fvg', 'premium_discount', 'rsi', 'macd', 'adx', 'vwap', 'rvol', 'mtf_confirmation', 'breaker_block', 'mitigation_block']",30.29
543,37642-short,2026-05-27T03:22:00,2026-05-27T03:25:00,short,75827.18,75856.23361008012,75856.23361008012,0.344191,-1.0,-1.0,stop_loss,"['trend_ema', 'structure', 'order_block', 'fvg', 'rsi', 'macd', 'adx', 'vwap', 'mtf_confirmation', 'inducement', 'breaker_block', 'mitigation_block']",31.47
544,37662-short,2026-05-27T03:42:00,2026-05-27T03:48:00,short,75766.0,75649.99,75682.81956738263,0.336488,1.9,1.9,tp3_full_close,"['trend_ema', 'structure', 'order_block', 'fvg', 'premium_discount', 'rsi', 'macd', 'adx', 'vwap', 'mtf_confirmation', 'breaker_block', 'mitigation_block']",30.29
545,37694-short,2026-05-27T04:14:00,2026-05-27T04:18:00,short,75630.01,75526.0,75554.1695963032,0.318383,1.9,1.9,tp3_full_close,"['trend_ema', 'structure', 'order_block', 'fvg', 'premium_discount', 'liquidity_sweep', 'smart_money_entry', 'momentum_candle', 'rsi', 'macd', 'adx', 'vwap', 'mtf_confirmation', 'breaker_block', 'mitigation_block']",30.88
546,37710-short,2026-05-27T04:30:00,2026-05-27T04:34:00,short,75382.9,75370.08565426091,75370.08565426091,0.251917,0.5936893368929197,0.5936893368929197,stop_loss,"['trend_ema', 'structure', 'order_block', 'fvg', 'premium_discount', 'momentum_candle', 'rsi', 'macd', 'adx', 'vwap', 'volume_spike', 'rvol', 'mtf_confirmation', 'breaker_block', 'mitigation_block']",25.88
547,37875-short,2026-05-27T07:15:00,2026-05-27T07:17:00,short,75764.0,75795.91761094813,75795.91761094813,0.313307,-1.0,-1.0,stop_loss,"['trend_ema', 'structure', 'order_block', 'fvg', 'momentum_candle', 'rsi', 'macd', 'vwap', 'mtf_confirmation', 'session_quality', 'breaker_block', 'mitigation_block']",30.0
548,37890-long,2026-05-27T07:30:00,2026-05-27T07:35:00,long,75880.5,75962.57,75936.23733066412,0.405401,1.9,1.9,tp3_full_close,"['trend_ema', 'structure', 'order_block', 'fvg', 'premium_discount', 'momentum_candle', 'rsi', 'macd', 'vwap', 'session_quality', 'breaker_block', 'mitigation_block']",71.47
549,37913-long,2026-05-27T07:53:00,2026-05-27T08:06:00,long,75966.49,75968.1584041776,75968.1584041776,0.312125,0.43124502508914714,0.43124502508914714,stop_loss,"['trend_ema', 'structure', 'order_block', 'fvg', 'premium_discount', 'momentum_candle', 'rsi', 'macd', 'vwap', 'session_quality', 'breaker_block', 'mitigation_block']",71.47
550,38015-long,2026-05-27T09:35:00,2026-05-27T09:41:00,long,75898.0,75945.48467156781,75945.48467156781,0.332164,1.4731813447646827,1.4731813447646827,stop_loss,"['trend_ema', 'structure', 'order_block', 'fvg', 'momentum_candle', 'rsi', 'macd', 'adx', 'vwap', 'mtf_confirmation', 'session_quality', 'breaker_block', 'mitigation_block']",70.88
551,38086-short,2026-05-27T10:46:00,2026-05-27T10:51:00,short,75915.07,75944.15097434411,75944.15097434411,0.343867,-1.0,-1.0,stop_loss,"['trend_ema', 'structure', 'order_block', 'fvg', 'macd', 'adx', 'vwap', 'volume_spike', 'rvol', 'inducement', 'breaker_block', 'mitigation_block']",31.76
552,38132-short,2026-05-27T11:32:00,2026-05-27T11:35:00,short,75806.01,75846.43588520393,75846.43588520393,0.247366,-1.0,-1.0,stop_loss,"['trend_ema', 'structure', 'order_block', 'fvg', 'premium_discount', 'momentum_candle', 'rsi', 'macd', 'adx', 'vwap', 'mtf_confirmation', 'breaker_block', 'mitigation_block']",29.71
553,38148-short,2026-05-27T11:48:00,2026-05-27T12:07:00,short,75787.16,75671.44,75701.49383370415,0.279767,1.9,1.9,tp3_full_close,"['trend_ema', 'structure', 'order_block', 'fvg', 'premium_discount', 'rsi', 'macd', 'adx', 'vwap', 'rvol', 'mtf_confirmation', 'breaker_block', 'mitigation_block']",29.12
554,38168-short,2026-05-27T12:08:00,2026-05-27T12:18:00,short,75682.71,75631.68546497032,75631.68546497032,0.275252,1.421338181105063,1.421338181105063,stop_loss,"['trend_ema', 'structure', 'order_block', 'fvg', 'premium_discount', 'rsi', 'macd', 'adx', 'vwap', 'mtf_confirmation', 'session_quality', 'breaker_block', 'mitigation_block']",31.18
555,38209-short,2026-05-27T12:49:00,2026-05-27T13:00:00,short,75812.01,75728.52908318464,75728.52908318464,0.139789,1.1001842966044906,1.1001842966044906,stop_loss,"['trend_ema', 'structure', 'order_block', 'fvg', 'rsi', 'macd', 'adx', 'vwap', 'mtf_confirmation', 'session_quality', 'breaker_block', 'mitigation_block']",29.12
556,38224-short,2026-05-27T13:04:00,2026-05-27T13:06:00,short,75642.0,75642.0,75642.0,0.16683,0.4,0.4,stop_loss,"['trend_ema', 'structure', 'order_block', 'fvg', 'premium_discount', 'momentum_candle', 'rsi', 'macd', 'adx', 'vwap', 'rvol', 'mtf_confirmation', 'session_quality', 'breaker_block', 'mitigation_block']",28.24
557,38241-short,2026-05-27T13:21:00,2026-05-27T13:30:00,short,75357.51,75255.71463745246,75255.71463745246,0.142108,1.4339792905455504,1.4339792905455504,stop_loss,"['trend_ema', 'structure', 'order_block', 'fvg', 'premium_discount', 'momentum_candle', 'rsi', 'macd', 'adx', 'vwap', 'volume_spike', 'rvol', 'mtf_confirmation', 'session_quality', 'breaker_block', 'mitigation_block']",26.76
558,38258-short,2026-05-27T13:38:00,2026-05-27T13:48:00,short,75002.67,74991.16054278842,74991.16054278842,0.083632,0.4577532148205019,0.4577532148205019,stop_loss,"['trend_ema', 'structure', 'order_block', 'fvg', 'premium_discount', 'momentum_candle', 'rsi', 'macd', 'adx', 'vwap', 'volume_spike', 'rvol', 'mtf_confirmation', 'session_quality', 'breaker_block', 'mitigation_block']",26.76
559,38416-short,2026-05-27T16:16:00,2026-05-27T16:21:00,short,75181.75,75108.96001066896,75108.96001066896,0.148124,1.0469175573441167,1.0469175573441167,stop_loss,"['trend_ema', 'structure', 'order_block', 'fvg', 'momentum_candle', 'rsi', 'macd', 'vwap', 'volume_spike', 'rvol', 'mtf_confirmation', 'breaker_block', 'mitigation_block']",25.29
560,38475-short,2026-05-27T17:15:00,2026-05-27T17:21:00,short,74923.74,75002.27578868582,75002.27578868582,0.12733,-1.0,-1.0,stop_loss,"['trend_ema', 'structure', 'order_block', 'fvg', 'premium_discount', 'rsi', 'macd', 'adx', 'vwap', 'volume_spike', 'rvol', 'mtf_confirmation', 'breaker_block', 'mitigation_block']",28.82
561,38507-short,2026-05-27T17:47:00,2026-05-27T17:58:00,short,74913.32,74872.70492769688,74872.70492769688,0.124411,1.1515887725030785,1.1515887725030785,stop_loss,"['trend_ema', 'structure', 'order_block', 'fvg', 'premium_discount', 'rsi', 'macd', 'adx', 'vwap', 'mtf_confirmation', 'inducement', 'breaker_block', 'mitigation_block']",31.76
562,38529-short,2026-05-27T18:09:00,2026-05-27T18:16:00,short,74783.66,74778.96825217539,74778.96825217539,0.109877,0.43093082128996585,0.43093082128996585,stop_loss,"['trend_ema', 'structure', 'order_block', 'fvg', 'premium_discount', 'momentum_candle', 'rsi', 'macd', 'adx', 'vwap', 'mtf_confirmation', 'breaker_block', 'mitigation_block']",28.53
563,38628-short,2026-05-27T19:48:00,2026-05-27T19:51:00,short,75023.7,75013.39193638957,75013.39193638957,0.197139,0.5219271526208673,0.5219271526208673,stop_loss,"['trend_ema', 'structure', 'order_block', 'fvg', 'premium_discount', 'macd', 'vwap', 'mtf_confirmation', 'inducement', 'breaker_block', 'mitigation_block']",31.47
564,38705-short,2026-05-27T21:05:00,2026-05-27T21:06:00,short,75196.81,75219.29205978866,75219.29205978866,0.444799,-1.0,-1.0,stop_loss,"['trend_ema', 'structure', 'order_block', 'fvg', 'rsi', 'macd', 'vwap', 'rvol', 'mtf_confirmation', 'breaker_block', 'mitigation_block']",29.71
565,38728-short,2026-05-27T21:28:00,2026-05-27T21:33:00,short,75122.01,75032.0,75056.0685483859,0.427679,1.9,1.9,tp3_full_close,"['trend_ema', 'structure', 'order_block', 'fvg', 'momentum_candle', 'rsi', 'macd', 'vwap', 'mtf_confirmation', 'breaker_block', 'mitigation_block']",27.94
566,38743-short,2026-05-27T21:43:00,2026-05-27T21:44:00,short,74700.57,74628.0,74700.57,0.121707,1.9,1.9,tp3_full_close,"['trend_ema', 'structure', 'order_block', 'fvg', 'premium_discount', 'momentum_candle', 'rsi', 'macd', 'adx', 'vwap', 'mtf_confirmation', 'equal_high_low', 'breaker_block', 'mitigation_block']",30.29
567,38772-short,2026-05-27T22:12:00,2026-05-27T22:16:00,short,74381.45,74381.45,74381.45,0.083999,0.4,0.4,stop_loss,"['trend_ema', 'structure', 'order_block', 'fvg', 'premium_discount', 'rsi', 'macd', 'adx', 'vwap', 'rvol', 'mtf_confirmation', 'breaker_block', 'mitigation_block']",30.29
568,38814-short,2026-05-27T22:54:00,2026-05-27T23:02:00,short,74519.12,74459.52534600209,74459.52534600209,0.182757,1.3267400861841148,1.3267400861841148,stop_loss,"['trend_ema', 'structure', 'order_block', 'fvg', 'premium_discount', 'rsi', 'macd', 'vwap', 'mtf_confirmation', 'breaker_block', 'mitigation_block']",31.76
569,38841-short,2026-05-27T23:21:00,2026-05-27T23:27:00,short,74424.35,74276.62,74328.76972229025,0.167634,1.9,1.9,tp3_full_close,"['trend_ema', 'structure', 'order_block', 'fvg', 'momentum_candle', 'rsi', 'macd', 'adx', 'vwap', 'mtf_confirmation', 'breaker_block', 'mitigation_block']",30.0
570,38960-short,2026-05-28T01:20:00,2026-05-28T01:23:00,short,74334.26,74423.60314924481,74423.60314924481,0.111928,-1.0,-1.0,stop_loss,"['trend_ema', 'structure', 'order_block', 'fvg', 'rsi', 'macd', 'adx', 'vwap', 'mtf_confirmation', 'equal_high_low', 'breaker_block', 'mitigation_block']",31.18
571,38979-short,2026-05-28T01:39:00,2026-05-28T01:43:00,short,74295.95,74261.3081357165,74261.3081357165,0.111009,0.6307334105362801,0.6307334105362801,stop_loss,"['trend_ema', 'structure', 'order_block', 'fvg', 'rsi', 'macd', 'adx', 'vwap', 'mtf_confirmation', 'breaker_block', 'mitigation_block']",31.76
572,39019-short,2026-05-28T02:19:00,2026-05-28T02:23:00,short,74282.29,74243.07000791587,74243.07000791587,0.172212,0.8052491553004009,0.8052491553004009,stop_loss,"['trend_ema', 'structure', 'order_block', 'fvg', 'premium_discount', 'momentum_candle', 'rsi', 'macd', 'vwap', 'mtf_confirmation', 'breaker_block', 'mitigation_block']",30.0
573,39035-short,2026-05-28T02:35:00,2026-05-28T02:36:00,short,74164.08,74227.65720040006,74227.65720040006,0.157289,-1.0,-1.0,stop_loss,"['trend_ema', 'structure', 'order_block', 'fvg', 'premium_discount', 'liquidity_sweep', 'momentum_candle', 'rsi', 'macd', 'vwap', 'volume_spike', 'rvol', 'mtf_confirmation', 'equal_high_low', 'inducement', 'breaker_block', 'mitigation_block']",25.59
574,39071-short,2026-05-28T03:11:00,2026-05-28T03:17:00,short,74183.68,74008.01,74075.99109610483,0.139934,1.9,1.9,tp3_full_close,"['trend_ema', 'structure', 'order_block', 'fvg', 'premium_discount', 'rsi', 'macd', 'vwap', 'rvol', 'mtf_confirmation', 'breaker_block', 'mitigation_block']",30.59
575,39086-short,2026-05-28T03:26:00,2026-05-28T03:36:00,short,73861.54,73500.0,73602.99684393113,0.082518,1.9,1.9,tp3_full_close,"['trend_ema', 'structure', 'order_block', 'fvg', 'liquidity_sweep', 'rsi', 'macd', 'adx', 'vwap', 'mtf_confirmation', 'equal_high_low', 'breaker_block', 'mitigation_block']",30.88
576,39114-short,2026-05-28T03:54:00,2026-05-28T03:57:00,short,73230.98,73169.4216869936,73169.4216869936,0.080843,0.6985946393933276,0.6985946393933276,stop_loss,"['trend_ema', 'structure', 'order_block', 'fvg', 'premium_discount', 'liquidity_sweep', 'smart_money_entry', 'rsi', 'macd', 'adx', 'vwap', 'volume_spike', 'rvol', 'mtf_confirmation', 'equal_high_low', 'breaker_block', 'mitigation_block']",30.0
577,39145-short,2026-05-28T04:25:00,2026-05-28T04:29:00,short,72867.83,72980.68975392688,72980.68975392688,0.088606,-1.0,-1.0,stop_loss,"['trend_ema', 'structure', 'order_block', 'fvg', 'premium_discount', 'rsi', 'macd', 'adx', 'vwap', 'volume_spike', 'rvol', 'mtf_confirmation', 'breaker_block', 'mitigation_block']",28.82
578,39184-short,2026-05-28T05:04:00,2026-05-28T05:13:00,short,73120.54,73034.60623654255,73034.60623654255,0.196106,1.5055641742808539,1.5055641742808539,stop_loss,"['trend_ema', 'structure', 'order_block', 'fvg', 'momentum_candle', 'macd', 'vwap', 'mtf_confirmation', 'breaker_block', 'mitigation_block']",29.71
579,39206-short,2026-05-28T05:26:00,2026-05-28T05:30:00,short,73018.01,72998.21869159584,72998.21869159584,0.188475,0.6238101009502727,0.6238101009502727,stop_loss,"['trend_ema', 'structure', 'order_block', 'fvg', 'liquidity_sweep', 'macd', 'adx', 'vwap', 'volume_spike', 'rvol', 'mtf_confirmation', 'equal_high_low', 'breaker_block', 'mitigation_block']",28.82
580,39253-short,2026-05-28T06:13:00,2026-05-28T06:14:00,short,72962.51,73007.77821369743,73007.77821369743,0.220906,-1.0,-1.0,stop_loss,"['trend_ema', 'structure', 'order_block', 'fvg', 'premium_discount', 'rsi', 'macd', 'vwap', 'volume_spike', 'rvol', 'mtf_confirmation', 'breaker_block', 'mitigation_block']",30.29
581,39268-short,2026-05-28T06:28:00,2026-05-28T06:36:00,short,72923.49,72769.54,72815.01577011855,0.209542,1.9,1.9,tp3_full_close,"['trend_ema', 'structure', 'order_block', 'fvg', 'premium_discount', 'rsi', 'macd', 'adx', 'vwap', 'mtf_confirmation', 'breaker_block', 'mitigation_block']",30.29
582,39315-long,2026-05-28T07:15:00,2026-05-28T07:25:00,long,73237.03,73288.5163631149,73288.5163631149,0.216717,1.0694787233774883,1.0694787233774883,stop_loss,"['trend_ema', 'structure', 'order_block', 'fvg', 'premium_discount', 'liquidity_sweep', 'smart_money_entry', 'rsi', 'macd', 'adx', 'vwap', 'mtf_confirmation', 'session_quality', 'breaker_block', 'mitigation_block']",69.41
583,39362-short,2026-05-28T08:02:00,2026-05-28T08:06:00,short,73359.43,73407.20148333823,73407.20148333823,0.20933,-1.0,-1.0,stop_loss,"['trend_ema', 'structure', 'order_block', 'fvg', 'premium_discount', 'liquidity_sweep', 'smart_money_entry', 'rsi', 'macd', 'adx', 'vwap', 'mtf_confirmation', 'session_quality', 'breaker_block', 'mitigation_block']",28.82
584,39381-short,2026-05-28T08:21:00,2026-05-28T08:30:00,short,73309.63,73276.099378117,73276.099378117,0.230548,0.8638248614741625,0.8638248614741625,stop_loss,"['trend_ema', 'structure', 'order_block', 'fvg', 'premium_discount', 'momentum_candle', 'rsi', 'macd', 'vwap', 'rvol', 'mtf_confirmation', 'session_quality', 'breaker_block', 'mitigation_block']",31.47
585,39466-long,2026-05-28T09:46:00,2026-05-28T09:58:00,long,73516.03,73540.50084755637,73540.50084755637,0.338087,0.8963957957967985,0.8963957957967985,stop_loss,"['trend_ema', 'structure', 'order_block', 'fvg', 'premium_discount', 'rsi', 'macd', 'adx', 'vwap', 'volume_spike', 'rvol', 'mtf_confirmation', 'session_quality', 'breaker_block', 'mitigation_block']",69.71
586,39501-short,2026-05-28T10:21:00,2026-05-28T10:26:00,short,73429.26,73389.3785623612,73389.3785623612,0.285943,1.3421141858021388,1.3421141858021388,stop_loss,"['trend_ema', 'structure', 'order_block', 'fvg', 'momentum_candle', 'rsi', 'macd', 'adx', 'vwap', 'mtf_confirmation', 'equal_high_low', 'breaker_block', 'mitigation_block']",31.76
587,39540-short,2026-05-28T11:00:00,2026-05-28T11:02:00,short,73380.01,73419.71874091189,73419.71874091189,0.251834,-1.0,-1.0,stop_loss,"['trend_ema', 'structure', 'order_block', 'fvg', 'premium_discount', 'rsi', 'macd', 'vwap', 'rvol', 'mtf_confirmation', 'inducement', 'breaker_block', 'mitigation_block']",29.71
588,39591-long,2026-05-28T11:51:00,2026-05-28T12:00:00,long,73486.5,73501.46213682699,73501.46213682699,0.258922,0.6324415642313372,0.6324415642313372,stop_loss,"['trend_ema', 'structure', 'order_block', 'fvg', 'momentum_candle', 'rsi', 'macd', 'adx', 'vwap', 'mtf_confirmation', 'breaker_block', 'mitigation_block']",70.0
589,39613-short,2026-05-28T12:13:00,2026-05-28T12:21:00,short,73432.01,73330.5,73361.68971530908,0.290603,1.9,1.9,tp3_full_close,"['trend_ema', 'structure', 'order_block', 'fvg', 'rsi', 'macd', 'vwap', 'mtf_confirmation', 'session_quality', 'breaker_block', 'mitigation_block']",30.59
590,39667-short,2026-05-28T13:07:00,2026-05-28T13:15:00,short,73400.0,73261.28,73299.7088580412,0.204977,1.9,1.9,tp3_full_close,"['trend_ema', 'structure', 'order_block', 'fvg', 'momentum_candle', 'rsi', 'macd', 'vwap', 'mtf_confirmation', 'session_quality', 'breaker_block', 'mitigation_block']",28.82
591,39682-short,2026-05-28T13:22:00,2026-05-28T13:25:00,short,73192.43,73030.56,73082.43491587625,0.19887,1.9,1.9,tp3_full_close,"['trend_ema', 'structure', 'order_block', 'fvg', 'premium_discount', 'rsi', 'macd', 'adx', 'vwap', 'mtf_confirmation', 'session_quality', 'breaker_block', 'mitigation_block']",26.47
592,39699-short,2026-05-28T13:39:00,2026-05-28T13:45:00,short,72909.57,72865.33475586584,72865.33475586584,0.109428,0.6904344820701185,0.6904344820701185,stop_loss,"['trend_ema', 'structure', 'order_block', 'fvg', 'premium_discount', 'rsi', 'macd', 'adx', 'vwap', 'mtf_confirmation', 'session_quality', 'breaker_block', 'mitigation_block']",31.18
593,39736-long,2026-05-28T14:16:00,2026-05-28T14:22:00,long,73448.4,73253.61133619715,73253.61133619715,0.051338,-1.0,-1.0,stop_loss,"['trend_ema', 'structure', 'order_block', 'fvg', 'premium_discount', 'liquidity_sweep', 'smart_money_entry', 'momentum_candle', 'rsi', 'macd', 'adx', 'vwap', 'mtf_confirmation', 'session_quality', 'equal_high_low', 'breaker_block', 'mitigation_block']",68.82
594,39752-short,2026-05-28T14:32:00,2026-05-28T14:50:00,short,72918.61,72870.12905853866,72870.12905853866,0.061943,0.5801846601281524,0.5801846601281524,stop_loss,"['trend_ema', 'structure', 'order_block', 'fvg', 'rsi', 'macd', 'vwap', 'mtf_confirmation', 'session_quality', 'breaker_block', 'mitigation_block']",30.59
595,39797-short,2026-05-28T15:17:00,2026-05-28T15:22:00,short,72869.74,72781.72442622774,72781.72442622774,0.112314,0.9931215024757166,0.9931215024757166,stop_loss,"['trend_ema', 'structure', 'order_block', 'fvg', 'premium_discount', 'rsi', 'macd', 'vwap', 'mtf_confirmation', 'equal_high_low', 'breaker_block', 'mitigation_block']",30.0
596,39844-short,2026-05-28T16:04:00,2026-05-28T16:08:00,short,72786.15,72852.44162605522,72852.44162605522,0.150849,-1.0,-1.0,stop_loss,"['trend_ema', 'structure', 'order_block', 'fvg', 'premium_discount', 'momentum_candle', 'rsi', 'macd', 'vwap', 'volume_spike', 'rvol', 'mtf_confirmation', 'breaker_block', 'mitigation_block']",28.53
597,40029-short,2026-05-28T19:09:00,2026-05-28T19:17:00,short,73500.01,73478.70363811143,73478.70363811143,0.232722,0.6975070072027486,0.6975070072027486,stop_loss,"['trend_ema', 'structure', 'order_block', 'fvg', 'rsi', 'macd', 'adx', 'vwap', 'breaker_block', 'mitigation_block']",30.0
598,40098-long,2026-05-28T20:18:00,2026-05-28T20:45:00,long,73541.36,73676.30437642963,73676.30437642963,0.15335,1.620811579420888,1.620811579420888,stop_loss,"['trend_ema', 'structure', 'order_block', 'fvg', 'momentum_candle', 'rsi', 'macd', 'adx', 'vwap', 'breaker_block', 'mitigation_block']",69.41
599,40153-long,2026-05-28T21:13:00,2026-05-28T21:19:00,long,73690.55,73690.55,73690.55,0.273242,0.4,0.4,stop_loss,"['trend_ema', 'structure', 'order_block', 'fvg', 'premium_discount', 'momentum_candle', 'rsi', 'macd', 'vwap', 'volume_spike', 'rvol', 'breaker_block', 'mitigation_block']",68.53
600,40200-long,2026-05-28T22:00:00,2026-05-28T22:01:00,long,73890.0,73841.59654274833,73841.59654274833,0.206597,-1.0,-1.0,stop_loss,"['trend_ema', 'structure', 'order_block', 'fvg', 'premium_discount', 'liquidity_sweep', 'smart_money_entry', 'momentum_candle', 'rsi', 'macd', 'adx', 'vwap', 'rvol', 'equal_high_low', 'breaker_block', 'mitigation_block']",73.82
601,40274-long,2026-05-28T23:14:00,2026-05-28T23:22:00,long,73597.05,73571.55742506437,73571.55742506437,0.392271,-1.0,-1.0,stop_loss,"['trend_ema', 'structure', 'order_block', 'fvg', 'premium_discount', 'momentum_candle', 'rsi', 'macd', 'adx', 'vwap', 'breaker_block', 'mitigation_block']",70.29
602,40337-long,2026-05-29T00:17:00,2026-05-29T00:19:00,long,73822.01,73767.90604884506,73767.90604884506,0.184829,-1.0,-1.0,stop_loss,"['trend_ema', 'structure', 'order_block', 'fvg', 'premium_discount', 'momentum_candle', 'rsi', 'macd', 'adx', 'vwap', 'breaker_block', 'mitigation_block']",72.06
603,40398-short,2026-05-29T01:18:00,2026-05-29T01:28:00,short,73735.68,73625.88,73630.7687207694,0.204486,1.9,1.9,tp3_full_close,"['trend_ema', 'structure', 'order_block', 'fvg', 'momentum_candle', 'rsi', 'macd', 'vwap', 'volume_spike', 'rvol', 'breaker_block', 'mitigation_block']",29.41
604,40413-short,2026-05-29T01:33:00,2026-05-29T01:45:00,short,73537.3,73528.29242253627,73528.29242253627,0.206654,0.5116871828067047,0.5116871828067047,stop_loss,"['trend_ema', 'structure', 'order_block', 'fvg', 'premium_discount', 'rsi', 'macd', 'adx', 'vwap', 'breaker_block', 'mitigation_block']",29.71
605,40483-short,2026-05-29T02:43:00,2026-05-29T02:47:00,short,73340.09,73386.81705097292,73386.81705097292,0.214009,-1.0,-1.0,stop_loss,"['trend_ema', 'structure', 'order_block', 'fvg', 'premium_discount', 'rsi', 'macd', 'adx', 'vwap', 'volume_spike', 'rvol', 'mtf_confirmation', 'breaker_block', 'mitigation_block', 'fake_breakout']",30.29
606,40537-short,2026-05-29T03:37:00,2026-05-29T03:53:00,short,73344.14,73295.29178623713,73295.29178623713,0.317339,1.4650432774493816,1.4650432774493816,stop_loss,"['trend_ema', 'structure', 'order_block', 'fvg', 'rsi', 'macd', 'vwap', 'mtf_confirmation', 'inducement', 'breaker_block', 'mitigation_block']",31.76
607,40623-long,2026-05-29T05:03:00,2026-05-29T05:11:00,long,73574.0,73611.74550166888,73611.74550166888,0.317898,1.3599766180024937,1.3599766180024937,stop_loss,"['trend_ema', 'structure', 'order_block', 'fvg', 'premium_discount', 'momentum_candle', 'rsi', 'macd', 'adx', 'vwap', 'rvol', 'breaker_block', 'mitigation_block']",68.53
608,40750-long,2026-05-29T07:10:00,2026-05-29T07:21:00,long,73803.81,73812.07284476713,73812.07284476713,0.412677,0.6045929840246913,0.6045929840246913,stop_loss,"['trend_ema', 'structure', 'order_block', 'fvg', 'momentum_candle', 'rsi', 'macd', 'adx', 'vwap', 'mtf_confirmation', 'session_quality', 'inducement', 'breaker_block', 'mitigation_block']",70.0
609,40801-long,2026-05-29T08:01:00,2026-05-29T08:06:00,long,73701.76,73644.74825458464,73644.74825458464,0.175402,-1.0,-1.0,stop_loss,"['trend_ema', 'structure', 'order_block', 'fvg', 'momentum_candle', 'rsi', 'macd', 'adx', 'vwap', 'mtf_confirmation', 'session_quality', 'breaker_block', 'mitigation_block']",68.53
610,40821-long,2026-05-29T08:21:00,2026-05-29T08:24:00,long,73778.05,73784.37598722475,73784.37598722475,0.225917,0.4857488866163645,0.4857488866163645,stop_loss,"['trend_ema', 'structure', 'order_block', 'fvg', 'premium_discount', 'momentum_candle', 'rsi', 'macd', 'adx', 'vwap', 'volume_spike', 'rvol', 'mtf_confirmation', 'session_quality', 'breaker_block', 'mitigation_block']",75.0
611,40869-long,2026-05-29T09:09:00,2026-05-29T09:12:00,long,73755.99,73852.69,73819.04091751433,0.274865,1.9,1.9,tp3_full_close,"['trend_ema', 'structure', 'order_block', 'fvg', 'premium_discount', 'momentum_candle', 'rsi', 'macd', 'adx', 'vwap', 'mtf_confirmation', 'session_quality', 'breaker_block', 'mitigation_block']",70.0
612,40885-long,2026-05-29T09:25:00,2026-05-29T09:27:00,long,73895.48,73859.49823464747,73859.49823464747,0.277919,-1.0,-1.0,stop_loss,"['trend_ema', 'structure', 'order_block', 'fvg', 'premium_discount', 'rsi', 'macd', 'adx', 'vwap', 'volume_spike', 'rvol', 'mtf_confirmation', 'session_quality', 'equal_high_low', 'inducement', 'breaker_block', 'mitigation_block']",71.76
613,40974-long,2026-05-29T10:54:00,2026-05-29T10:59:00,long,73654.0,73665.85335032895,73665.85335032895,0.390427,0.677672395396302,0.677672395396302,stop_loss,"['trend_ema', 'structure', 'order_block', 'fvg', 'premium_discount', 'macd', 'vwap', 'mtf_confirmation', 'breaker_block', 'mitigation_block']",69.41
614,41001-long,2026-05-29T11:21:00,2026-05-29T11:23:00,long,73688.0,73667.20754329734,73667.20754329734,0.480944,-1.0,-1.0,stop_loss,"['trend_ema', 'structure', 'order_block', 'fvg', 'rsi', 'macd', 'vwap', 'rvol', 'inducement', 'breaker_block', 'mitigation_block']",68.24
615,41017-short,2026-05-29T11:37:00,2026-05-29T11:52:00,short,73517.38,73350.01,73384.62911341035,0.287019,1.9,1.9,tp3_full_close,"['trend_ema', 'structure', 'order_block', 'fvg', 'premium_discount', 'momentum_candle', 'rsi', 'macd', 'adx', 'vwap', 'rvol', 'breaker_block', 'mitigation_block']",31.47
616,41045-short,2026-05-29T12:05:00,2026-05-29T12:15:00,short,73389.13,73389.13,73389.13,0.228698,0.4,0.4,stop_loss,"['trend_ema', 'structure', 'order_block', 'fvg', 'premium_discount', 'momentum_candle', 'rsi', 'macd', 'adx', 'vwap', 'mtf_confirmation', 'session_quality', 'breaker_block', 'mitigation_block']",29.41
617,41063-short,2026-05-29T12:23:00,2026-05-29T12:37:00,short,73318.65,73283.76663833545,73283.76663833545,0.263074,1.27530747449301,1.27530747449301,stop_loss,"['trend_ema', 'structure', 'order_block', 'fvg', 'premium_discount', 'momentum_candle', 'rsi', 'macd', 'adx', 'vwap', 'mtf_confirmation', 'session_quality', 'breaker_block', 'mitigation_block']",29.41
618,41081-short,2026-05-29T12:41:00,2026-05-29T12:48:00,short,73270.01,73268.54060858754,73268.54060858754,0.237999,0.4209827967489273,0.4209827967489273,stop_loss,"['trend_ema', 'structure', 'order_block', 'fvg', 'premium_discount', 'rsi', 'macd', 'adx', 'vwap', 'mtf_confirmation', 'session_quality', 'breaker_block', 'mitigation_block']",31.18
619,41104-short,2026-05-29T13:04:00,2026-05-29T13:12:00,short,73242.31,73107.89,73144.90445340444,0.227428,1.9,1.9,tp3_full_close,"['trend_ema', 'structure', 'order_block', 'fvg', 'premium_discount', 'rsi', 'macd', 'adx', 'vwap', 'mtf_confirmation', 'session_quality', 'breaker_block', 'mitigation_block']",31.18
620,41119-short,2026-05-29T13:19:00,2026-05-29T13:25:00,short,73111.92,72989.8,73025.96691542104,0.237864,1.9,1.9,tp3_full_close,"['trend_ema', 'structure', 'order_block', 'fvg', 'premium_discount', 'rsi', 'macd', 'adx', 'vwap', 'mtf_confirmation', 'session_quality', 'breaker_block', 'mitigation_block']",26.47
621,41153-short,2026-05-29T13:53:00,2026-05-29T13:56:00,short,73093.32,73190.87695267136,73190.87695267136,0.102504,-1.0,-1.0,stop_loss,"['trend_ema', 'structure', 'order_block', 'fvg', 'momentum_candle', 'rsi', 'macd', 'adx', 'vwap', 'mtf_confirmation', 'session_quality', 'breaker_block', 'mitigation_block']",28.53
622,41171-short,2026-05-29T14:11:00,2026-05-29T14:15:00,short,72971.72,73067.07973511264,73067.07973511264,0.104866,-1.0,-1.0,stop_loss,"['trend_ema', 'structure', 'order_block', 'fvg', 'premium_discount', 'rsi', 'macd', 'adx', 'vwap', 'mtf_confirmation', 'session_quality', 'breaker_block', 'mitigation_block']",31.18
623,41186-short,2026-05-29T14:26:00,2026-05-29T14:28:00,short,72561.68,72668.4567792854,72668.4567792854,0.093653,-1.0,-1.0,stop_loss,"['trend_ema', 'structure', 'order_block', 'fvg', 'premium_discount', 'momentum_candle', 'rsi', 'macd', 'adx', 'vwap', 'volume_spike', 'rvol', 'mtf_confirmation', 'session_quality', 'breaker_block', 'mitigation_block']",27.94
624,41784-short,2026-05-30T00:24:00,2026-05-30T00:25:00,short,73469.89,73500.64857468808,73500.64857468808,0.325113,-1.0,-1.0,stop_loss,"['trend_ema', 'structure', 'order_block', 'fvg', 'momentum_candle', 'macd', 'adx', 'vwap', 'rvol', 'mtf_confirmation', 'breaker_block', 'mitigation_block']",31.18
625,41880-long,2026-05-30T02:00:00,2026-05-30T02:06:00,long,73681.18,73689.87930289311,73689.87930289311,0.514317,0.6684519968488927,0.6684519968488927,stop_loss,"['trend_ema', 'structure', 'order_block', 'fvg', 'premium_discount', 'momentum_candle', 'rsi', 'macd', 'vwap', 'rvol', 'mtf_confirmation', 'breaker_block', 'mitigation_block']",71.18
626,41913-long,2026-05-30T02:33:00,2026-05-30T02:40:00,long,73702.18,73702.18,73702.18,0.544948,0.4,0.4,stop_loss,"['trend_ema', 'structure', 'order_block', 'fvg', 'premium_discount', 'momentum_candle', 'rsi', 'macd', 'adx', 'vwap', 'volume_spike', 'rvol', 'mtf_confirmation', 'breaker_block', 'mitigation_block']",74.12
627,41931-long,2026-05-30T02:51:00,2026-05-30T02:59:00,long,73729.0,73786.69,73772.25530925267,0.591224,1.9,1.9,tp3_full_close,"['trend_ema', 'structure', 'order_block', 'fvg', 'premium_discount', 'rsi', 'macd', 'adx', 'vwap', 'mtf_confirmation', 'breaker_block', 'mitigation_block']",74.41
628,41964-short,2026-05-30T03:24:00,2026-05-30T03:30:00,short,73700.34,73639.86,73656.56352777463,0.504416,1.9,1.9,tp3_full_close,"['trend_ema', 'structure', 'order_block', 'fvg', 'momentum_candle', 'rsi', 'macd', 'adx', 'vwap', 'rvol', 'mtf_confirmation', 'breaker_block', 'mitigation_block']",31.18
629,42005-short,2026-05-30T04:05:00,2026-05-30T04:08:00,short,73484.0,73400.42,73421.60816150562,0.475404,1.9,1.9,tp3_full_close,"['trend_ema', 'structure', 'order_block', 'fvg', 'premium_discount', 'momentum_candle', 'rsi', 'macd', 'adx', 'vwap', 'mtf_confirmation', 'breaker_block', 'mitigation_block']",28.53
630,42026-short,2026-05-30T04:26:00,2026-05-30T04:28:00,short,73349.86,73349.86,73349.86,0.298151,0.4,0.4,stop_loss,"['trend_ema', 'structure', 'order_block', 'fvg', 'premium_discount', 'momentum_candle', 'rsi', 'macd', 'adx', 'vwap', 'volume_spike', 'rvol', 'mtf_confirmation', 'breaker_block', 'mitigation_block']",30.59
631,42128-short,2026-05-30T06:08:00,2026-05-30T06:19:00,short,73533.8,73555.11202726864,73555.11202726864,0.469219,-1.0,-1.0,stop_loss,"['trend_ema', 'structure', 'order_block', 'fvg', 'premium_discount', 'momentum_candle', 'rsi', 'macd', 'adx', 'vwap', 'breaker_block', 'mitigation_block']",28.53
632,42152-long,2026-05-30T06:32:00,2026-05-30T06:36:00,long,73658.0,73708.75,73693.4033071984,0.586432,1.9,1.9,tp3_full_close,"['trend_ema', 'structure', 'order_block', 'fvg', 'premium_discount', 'momentum_candle', 'rsi', 'macd', 'adx', 'vwap', 'rvol', 'breaker_block', 'mitigation_block']",68.53
633,42175-short,2026-05-30T06:55:00,2026-05-30T07:11:00,short,73590.01,73548.60760045779,73548.60760045779,0.450536,1.5595978136789688,1.5595978136789688,stop_loss,"['trend_ema', 'structure', 'order_block', 'fvg', 'momentum_candle', 'rsi', 'macd', 'adx', 'vwap', 'breaker_block', 'mitigation_block']",28.24
634,42258-short,2026-05-30T08:18:00,2026-05-30T08:22:00,short,73514.01,73529.58158279929,73529.58158279929,0.642195,-1.0,-1.0,stop_loss,"['trend_ema', 'structure', 'order_block', 'fvg', 'premium_discount', 'momentum_candle', 'rsi', 'macd', 'vwap', 'mtf_confirmation', 'session_quality', 'inducement', 'breaker_block', 'mitigation_block']",30.0
635,42280-short,2026-05-30T08:40:00,2026-05-30T08:48:00,short,73519.61,73515.30854864643,73515.30854864643,1.120499,0.6891862596817544,0.6891862596817544,stop_loss,"['trend_ema', 'structure', 'order_block', 'fvg', 'rsi', 'macd', 'vwap', 'mtf_confirmation', 'session_quality', 'breaker_block', 'mitigation_block']",30.59
636,42344-long,2026-05-30T09:44:00,2026-05-30T09:51:00,long,73572.0,73591.57491923834,73591.57491923834,0.980509,1.5758015126232583,1.5758015126232583,stop_loss,"['trend_ema', 'structure', 'order_block', 'fvg', 'premium_discount', 'momentum_candle', 'rsi', 'macd', 'vwap', 'rvol', 'mtf_confirmation', 'session_quality', 'breaker_block', 'mitigation_block']",68.53
637,42360-long,2026-05-30T10:00:00,2026-05-30T10:01:00,long,73624.0,73611.8513942484,73611.8513942484,0.82314,-1.0,-1.0,stop_loss,"['trend_ema', 'structure', 'order_block', 'fvg', 'premium_discount', 'rsi', 'macd', 'adx', 'vwap', 'mtf_confirmation', 'breaker_block', 'mitigation_block']",68.53
638,42376-long,2026-05-30T10:16:00,2026-05-30T10:20:00,long,73646.63,73646.63,73646.63,0.782918,1.0,1.0,stop_loss,"['trend_ema', 'structure', 'order_block', 'fvg', 'premium_discount', 'rsi', 'macd', 'adx', 'vwap', 'mtf_confirmation', 'breaker_block', 'mitigation_block']",68.53
639,42404-long,2026-05-30T10:44:00,2026-05-30T10:53:00,long,73641.16,73649.2024123403,73649.2024123403,0.673889,0.725181648781505,0.725181648781505,stop_loss,"['trend_ema', 'structure', 'order_block', 'fvg', 'premium_discount', 'macd', 'adx', 'vwap', 'rvol', 'mtf_confirmation', 'breaker_block', 'mitigation_block']",71.47
640,42459-long,2026-05-30T11:39:00,2026-05-30T11:46:00,long,73616.0,73627.19014667359,73627.19014667359,0.979332,1.0575321805338627,1.0575321805338627,stop_loss,"['trend_ema', 'structure', 'order_block', 'fvg', 'rsi', 'macd', 'adx', 'vwap', 'mtf_confirmation', 'inducement', 'breaker_block', 'mitigation_block']",69.71
641,42499-long,2026-05-30T12:19:00,2026-05-30T12:20:00,long,73638.68,73665.67,73657.92612661053,1.367949,1.9,1.9,tp3_full_close,"['trend_ema', 'structure', 'order_block', 'fvg', 'premium_discount', 'momentum_candle', 'rsi', 'macd', 'vwap', 'mtf_confirmation', 'session_quality', 'breaker_block', 'mitigation_block']",70.88
642,42537-long,2026-05-30T12:57:00,2026-05-30T13:04:00,long,73698.17,73725.27527788994,73725.27527788994,0.663122,1.5392233351507405,1.5392233351507405,stop_loss,"['trend_ema', 'structure', 'order_block', 'fvg', 'premium_discount', 'momentum_candle', 'rsi', 'macd', 'adx', 'vwap', 'mtf_confirmation', 'session_quality', 'breaker_block', 'mitigation_block']",72.35
643,42552-long,2026-05-30T13:12:00,2026-05-30T13:14:00,long,73781.4,73768.1064938764,73768.1064938764,0.752247,-1.0,-1.0,stop_loss,"['trend_ema', 'structure', 'order_block', 'fvg', 'premium_discount', 'rsi', 'macd', 'adx', 'vwap', 'mtf_confirmation', 'session_quality', 'breaker_block', 'mitigation_block']",71.18
644,42586-long,2026-05-30T13:46:00,2026-05-30T13:49:00,long,73770.85,73751.85503272053,73751.85503272053,0.526455,-1.0,-1.0,stop_loss,"['trend_ema', 'structure', 'order_block', 'fvg', 'premium_discount', 'rsi', 'macd', 'adx', 'vwap', 'mtf_confirmation', 'session_quality', 'breaker_block', 'mitigation_block']",69.41
645,42601-long,2026-05-30T14:01:00,2026-05-30T14:04:00,long,73843.99,73905.99,73888.41385763997,0.522109,1.9,1.9,tp3_full_close,"['trend_ema', 'structure', 'order_block', 'fvg', 'premium_discount', 'momentum_candle', 'rsi', 'macd', 'adx', 'vwap', 'volume_spike', 'rvol', 'mtf_confirmation', 'session_quality', 'breaker_block', 'mitigation_block']",75.0
646,42618-long,2026-05-30T14:18:00,2026-05-30T14:30:00,long,73981.99,74022.0,74016.53509128217,0.255512,1.9,1.9,tp3_full_close,"['trend_ema', 'structure', 'order_block', 'fvg', 'premium_discount', 'momentum_candle', 'rsi', 'macd', 'adx', 'vwap', 'mtf_confirmation', 'session_quality', 'breaker_block', 'mitigation_block']",68.82
647,42674-long,2026-05-30T15:14:00,2026-05-30T15:17:00,long,74030.01,73999.77314331806,73999.77314331806,0.330722,-1.0,-1.0,stop_loss,"['trend_ema', 'structure', 'order_block', 'fvg', 'premium_discount', 'momentum_candle', 'rsi', 'macd', 'adx', 'vwap', 'mtf_confirmation', 'equal_high_low', 'breaker_block', 'mitigation_block']",68.53
648,42800-long,2026-05-30T17:20:00,2026-05-30T17:22:00,long,73978.37,74002.0,73980.47559093415,0.441022,1.9,1.9,tp3_full_close,"['trend_ema', 'structure', 'order_block', 'fvg', 'premium_discount', 'momentum_candle', 'rsi', 'macd', 'adx', 'vwap', 'volume_spike', 'rvol', 'mtf_confirmation', 'breaker_block', 'mitigation_block']",68.24
649,42823-long,2026-05-30T17:43:00,2026-05-30T18:06:00,long,73943.98,74018.75185595662,74018.75185595662,0.336385,1.7545647365415435,1.7545647365415435,stop_loss,"['trend_ema', 'structure', 'order_block', 'fvg', 'rsi', 'macd', 'vwap', 'volume_spike', 'rvol', 'mtf_confirmation', 'breaker_block', 'mitigation_block']",77.65
650,42858-long,2026-05-30T18:18:00,2026-05-30T18:19:00,long,74070.2,74057.94303857384,74057.94303857384,0.815863,-1.0,-1.0,stop_loss,"['trend_ema', 'structure', 'order_block', 'fvg', 'premium_discount', 'momentum_candle', 'rsi', 'macd', 'vwap', 'volume_spike', 'rvol', 'mtf_confirmation', 'breaker_block', 'mitigation_block']",71.47
651,42915-long,2026-05-30T19:15:00,2026-05-30T19:17:00,long,74050.0,74056.67162748109,74056.67162748109,0.553058,0.6213880072585752,0.6213880072585752,stop_loss,"['trend_ema', 'structure', 'order_block', 'fvg', 'rsi', 'macd', 'vwap', 'volume_spike', 'rvol', 'mtf_confirmation', 'breaker_block', 'mitigation_block']",71.76
652,42946-long,2026-05-30T19:46:00,2026-05-30T19:52:00,long,74068.06,74049.91997810417,74049.91997810417,0.551267,-1.0,-1.0,stop_loss,"['trend_ema', 'structure', 'order_block', 'fvg', 'rsi', 'macd', 'vwap', 'mtf_confirmation', 'breaker_block', 'mitigation_block']",69.12
653,43015-long,2026-05-30T20:55:00,2026-05-30T21:13:00,long,73958.56,73975.68194022344,73975.68194022344,0.760643,1.3907103265610565,1.3907103265610565,stop_loss,"['trend_ema', 'structure', 'order_block', 'fvg', 'premium_discount', 'macd', 'adx', 'vwap', 'mtf_confirmation', 'inducement', 'breaker_block', 'mitigation_block']",74.12
654,43036-long,2026-05-30T21:16:00,2026-05-30T21:24:00,long,73991.99,73995.45079549818,73995.45079549818,1.270543,0.6638254288599594,0.6638254288599594,stop_loss,"['trend_ema', 'structure', 'order_block', 'fvg', 'rsi', 'macd', 'adx', 'vwap', 'mtf_confirmation', 'breaker_block']",69.71
655,43061-long,2026-05-30T21:41:00,2026-05-30T21:43:00,long,74003.09,74047.99,74037.46014091246,1.027028,1.9,1.9,tp3_full_close,"['trend_ema', 'structure', 'order_block', 'fvg', 'premium_discount', 'rsi', 'macd', 'adx', 'vwap', 'mtf_confirmation', 'breaker_block', 'mitigation_block']",68.53
656,43142-long,2026-05-30T23:02:00,2026-05-30T23:08:00,long,73977.43,73957.050133942,73957.050133942,0.49068,-1.0,-1.0,stop_loss,"['trend_ema', 'structure', 'order_block', 'fvg', 'premium_discount', 'momentum_candle', 'rsi', 'macd', 'adx', 'vwap', 'volume_spike', 'rvol', 'breaker_block', 'mitigation_block']",68.82
657,43194-long,2026-05-30T23:54:00,2026-05-31T00:00:00,long,73865.33,73923.85,73909.624881497,0.683305,1.9,1.9,tp3_full_close,"['trend_ema', 'structure', 'order_block', 'fvg', 'momentum_candle', 'rsi', 'macd', 'vwap', 'rvol', 'breaker_block', 'mitigation_block']",69.12
658,43222-long,2026-05-31T00:22:00,2026-05-31T00:25:00,long,73930.0,74022.4,74002.04585870128,0.540515,1.9,1.9,tp3_full_close,"['trend_ema', 'structure', 'order_block', 'fvg', 'momentum_candle', 'rsi', 'macd', 'adx', 'vwap', 'breaker_block', 'mitigation_block']",69.41
659,43254-long,2026-05-31T00:54:00,2026-05-31T01:01:00,long,74022.43,74096.42,74076.22326520443,0.429059,1.9,1.9,tp3_full_close,"['trend_ema', 'structure', 'order_block', 'fvg', 'premium_discount', 'momentum_candle', 'rsi', 'macd', 'vwap', 'volume_spike', 'rvol', 'mtf_confirmation', 'breaker_block', 'mitigation_block']",72.65
660,43269-long,2026-05-31T01:09:00,2026-05-31T01:13:00,long,74109.0,74139.14432478261,74139.14432478261,0.440502,1.398358696780412,1.398358696780412,stop_loss,"['trend_ema', 'structure', 'order_block', 'fvg', 'premium_discount', 'momentum_candle', 'rsi', 'macd', 'adx', 'vwap', 'mtf_confirmation', 'equal_high_low', 'breaker_block', 'mitigation_block']",68.53
661,43338-long,2026-05-31T02:18:00,2026-05-31T02:20:00,long,74216.0,74181.1177722415,74181.1177722415,0.286679,-1.0,-1.0,stop_loss,"['trend_ema', 'structure', 'order_block', 'fvg', 'premium_discount', 'rsi', 'macd', 'adx', 'vwap', 'rvol', 'mtf_confirmation', 'breaker_block', 'mitigation_block']",69.71
662,43376-long,2026-05-31T02:56:00,2026-05-31T03:04:00,long,74089.99,74100.45557910163,74100.45557910163,0.218607,0.5372708835471803,0.5372708835471803,stop_loss,"['trend_ema', 'structure', 'order_block', 'fvg', 'momentum_candle', 'rsi', 'macd', 'adx', 'vwap', 'rvol', 'mtf_confirmation', 'breaker_block', 'mitigation_block']",74.71
663,43391-long,2026-05-31T03:11:00,2026-05-31T03:16:00,long,74120.42,74128.39713139112,74128.39713139112,0.303758,0.545387016185989,0.545387016185989,stop_loss,"['trend_ema', 'structure', 'order_block', 'fvg', 'rsi', 'macd', 'adx', 'vwap', 'mtf_confirmation', 'breaker_block', 'mitigation_block']",68.24
664,43461-long,2026-05-31T04:21:00,2026-05-31T04:23:00,long,74196.49,74196.49,74196.49,0.60825,0.4,0.4,stop_loss,"['trend_ema', 'structure', 'order_block', 'fvg', 'premium_discount', 'rsi', 'macd', 'adx', 'vwap', 'mtf_confirmation', 'breaker_block', 'mitigation_block']",68.53
665,43477-long,2026-05-31T04:37:00,2026-05-31T04:39:00,long,74192.43,74195.68231015965,74195.68231015965,0.594708,0.5160505450310167,0.5160505450310167,stop_loss,"['trend_ema', 'structure', 'order_block', 'fvg', 'premium_discount', 'rsi', 'macd', 'adx', 'vwap', 'mtf_confirmation', 'breaker_block', 'mitigation_block']",70.29
666,43617-short,2026-05-31T06:57:00,2026-05-31T07:00:00,short,74061.0,74030.86,74038.20739165734,1.334676,1.9,1.9,tp3_full_close,"['trend_ema', 'structure', 'order_block', 'fvg', 'macd', 'vwap', 'breaker_block', 'mitigation_block']",30.88
667,43636-short,2026-05-31T07:16:00,2026-05-31T07:23:00,short,73955.17,73906.13,73917.91339969911,0.659139,1.9,1.9,tp3_full_close,"['trend_ema', 'structure', 'order_block', 'fvg', 'premium_discount', 'rsi', 'macd', 'adx', 'vwap', 'session_quality', 'breaker_block', 'mitigation_block']",30.59
668,43713-short,2026-05-31T08:33:00,2026-05-31T08:44:00,short,73907.55,73870.13970346059,73870.13970346059,0.484716,1.5440014777023565,1.5440014777023565,stop_loss,"['trend_ema', 'structure', 'order_block', 'fvg', 'momentum_candle', 'rsi', 'macd', 'vwap', 'rvol', 'mtf_confirmation', 'session_quality', 'breaker_block', 'mitigation_block']",28.82
669,43793-short,2026-05-31T09:53:00,2026-05-31T09:58:00,short,73892.0,73833.32,73853.91722384635,0.417573,1.9,1.9,tp3_full_close,"['trend_ema', 'structure', 'order_block', 'fvg', 'premium_discount', 'momentum_candle', 'rsi', 'macd', 'vwap', 'mtf_confirmation', 'session_quality', 'breaker_block', 'mitigation_block']",30.88
670,43809-short,2026-05-31T10:09:00,2026-05-31T10:20:00,short,73851.55,73786.37,73801.93898194845,0.528789,1.9,1.9,tp3_full_close,"['trend_ema', 'structure', 'order_block', 'fvg', 'premium_discount', 'rsi', 'macd', 'adx', 'vwap', 'mtf_confirmation', 'inducement', 'breaker_block', 'mitigation_block']",31.76
671,43835-short,2026-05-31T10:35:00,2026-05-31T10:51:00,short,73820.21,73842.40711367728,73842.40711367728,0.450509,-1.0,-1.0,stop_loss,"['trend_ema', 'structure', 'order_block', 'fvg', 'macd', 'adx', 'vwap', 'mtf_confirmation', 'inducement', 'breaker_block', 'mitigation_block']",31.47
672,43924-short,2026-05-31T12:04:00,2026-05-31T12:08:00,short,73874.0,73903.3067983408,73903.3067983408,0.341218,-1.0,-1.0,stop_loss,"['trend_ema', 'structure', 'order_block', 'fvg', 'rsi', 'macd', 'adx', 'vwap', 'mtf_confirmation', 'session_quality', 'breaker_block', 'mitigation_block']",30.29
673,44018-short,2026-05-31T13:38:00,2026-05-31T13:52:00,short,73890.53,73824.53,73840.07219479131,0.492451,1.9,1.9,tp3_full_close,"['trend_ema', 'structure', 'order_block', 'fvg', 'premium_discount', 'momentum_candle', 'rsi', 'macd', 'vwap', 'mtf_confirmation', 'session_quality', 'inducement', 'breaker_block', 'mitigation_block']",28.24
674,44053-short,2026-05-31T14:13:00,2026-05-31T14:15:00,short,73767.65,73754.6973411585,73754.6973411585,0.300315,1.1166964239405635,1.1166964239405635,stop_loss,"['trend_ema', 'structure', 'order_block', 'fvg', 'premium_discount', 'momentum_candle', 'rsi', 'macd', 'adx', 'vwap', 'rvol', 'mtf_confirmation', 'session_quality', 'breaker_block', 'mitigation_block']",31.76
675,44141-short,2026-05-31T15:41:00,2026-05-31T15:43:00,short,73681.18,73617.99,73637.32174017138,0.498307,1.9,1.9,tp3_full_close,"['trend_ema', 'structure', 'order_block', 'fvg', 'momentum_candle', 'rsi', 'macd', 'adx', 'vwap', 'rvol', 'mtf_confirmation', 'breaker_block', 'mitigation_block']",29.41
676,44174-short,2026-05-31T16:14:00,2026-05-31T16:22:00,short,73617.58,73570.0,73592.47546708779,0.415781,1.9,1.9,tp3_full_close,"['trend_ema', 'structure', 'order_block', 'fvg', 'premium_discount', 'rsi', 'macd', 'adx', 'vwap', 'volume_spike', 'rvol', 'mtf_confirmation', 'breaker_block', 'mitigation_block']",27.65
677,44192-short,2026-05-31T16:32:00,2026-05-31T16:33:00,short,73532.28,73495.49,73530.99980645813,0.2958,1.9,1.9,tp3_full_close,"['trend_ema', 'structure', 'order_block', 'fvg', 'premium_discount', 'momentum_candle', 'rsi', 'macd', 'adx', 'vwap', 'mtf_confirmation', 'breaker_block', 'mitigation_block']",28.53
678,44284-short,2026-05-31T18:04:00,2026-05-31T18:08:00,short,73638.85,73660.11602107834,73660.11602107834,0.470234,-1.0,-1.0,stop_loss,"['trend_ema', 'structure', 'order_block', 'fvg', 'premium_discount', 'momentum_candle', 'rsi', 'macd', 'adx', 'vwap', 'mtf_confirmation', 'inducement', 'breaker_block', 'mitigation_block']",31.18
679,44325-short,2026-05-31T18:45:00,2026-05-31T18:56:00,short,73620.01,73609.33230680201,73609.33230680201,0.470464,0.7014081033292394,0.7014081033292394,stop_loss,"['trend_ema', 'structure', 'order_block', 'fvg', 'momentum_candle', 'rsi', 'macd', 'vwap', 'mtf_confirmation', 'breaker_block', 'mitigation_block']",27.94
680,44363-short,2026-05-31T19:23:00,2026-05-31T19:24:00,short,73570.01,73508.13,73523.76821281564,0.719609,1.9,1.9,tp3_full_close,"['trend_ema', 'structure', 'order_block', 'fvg', 'premium_discount', 'momentum_candle', 'rsi', 'macd', 'vwap', 'rvol', 'mtf_confirmation', 'breaker_block', 'mitigation_block']",28.82
681,44484-short,2026-05-31T21:24:00,2026-05-31T21:26:00,short,73680.54,73626.68,73642.07480624481,0.629843,1.9,1.9,tp3_full_close,"['trend_ema', 'structure', 'order_block', 'fvg', 'rsi', 'macd', 'vwap', 'mtf_confirmation', 'breaker_block', 'mitigation_block']",29.71
682,44537-long,2026-05-31T22:17:00,2026-05-31T22:21:00,long,73884.0,73824.43355764102,73824.43355764102,0.16788,-1.0,-1.0,stop_loss,"['trend_ema', 'structure', 'order_block', 'fvg', 'rsi', 'macd', 'adx', 'vwap', 'mtf_confirmation', 'breaker_block', 'mitigation_block']",72.35
683,44554-long,2026-05-31T22:34:00,2026-05-31T22:37:00,long,73997.55,73940.40462229491,73940.40462229491,0.174992,-1.0,-1.0,stop_loss,"['trend_ema', 'structure', 'order_block', 'fvg', 'premium_discount', 'rsi', 'macd', 'vwap', 'rvol', 'mtf_confirmation', 'breaker_block', 'mitigation_block']",68.24
684,44572-long,2026-05-31T22:52:00,2026-05-31T23:03:00,long,73962.67,74185.53,74142.99215005514,0.24305,1.9,1.9,tp3_full_close,"['trend_ema', 'structure', 'order_block', 'fvg', 'premium_discount', 'rsi', 'macd', 'vwap', 'mtf_confirmation', 'breaker_block', 'mitigation_block']",68.24
